# Fitted coefficients --- model 'adaptive_hydrogenic', run 'adaptive_hydrogenic_f32', Dirac–Fock reference 'zdf'.
# Element-adaptive parameterisation, Lobato 2026. Coefficients in single precision (float32).
# Each element: n_t non-relativistic Lobato terms (type NR).
# a_i in angstrom, b_i in angstrom^2. f_e, f_x, rho, V, V(R) follow in closed form (see paper).
#   Z Sym  n_t term type                        a_i                        b_i
    1   H    2    1   NR             2.64579505e-01             2.76372170e+00
    1   H    2    2   NR             8.82341965e-07             5.53187490e-01
    2  He    3    1   NR             1.36061952e-01             1.41754210e+00
    2  He    3    2   NR             6.27747923e-02             8.86959136e-01
    2  He    3    3   NR             1.01387268e-02             4.10315633e-01
    3  Li    5    1   NR             8.70940208e+00             7.64414358e+00
    3  Li    5    2   NR            -7.29943180e+00             6.66952276e+00
    3  Li    5    3   NR             1.53232828e-01             3.22626281e+00
    3  Li    5    4   NR             7.41009116e-02             4.50391740e-01
    3  Li    5    5   NR             5.77742653e-03             1.90845862e-01
    4  Be    5    1   NR             4.50803661e+00             4.56409454e+00
    4  Be    5    2   NR            -2.77721167e+00             4.07855558e+00
    4  Be    5    3   NR            -2.51255542e-01             1.86565590e+00
    4  Be    5    4   NR             4.38103192e-02             2.45649353e-01
    4  Be    5    5   NR             3.56696872e-03             1.09819457e-01
    5   B    5    1   NR             7.12292194e-01             4.56225061e+00
    5   B    5    2   NR             8.55686486e-01             2.87311482e+00
    5   B    5    3   NR            -2.00418070e-01             1.04711020e+00
    5   B    5    4   NR             2.80095283e-02             1.49916440e-01
    5   B    5    5   NR             2.02502427e-03             6.91434070e-02
    6   C    5    1   NR             6.88746095e-01             3.35822964e+00
    6   C    5    2   NR             6.58302248e-01             1.86900485e+00
    6   C    5    3   NR            -1.28317848e-01             6.31697655e-01
    6   C    5    4   NR             1.95601489e-02             1.00763395e-01
    6   C    5    5   NR             1.22753403e-03             4.70189266e-02
    7   N    5    1   NR             6.16704226e-01             2.57664514e+00
    7   N    5    2   NR             5.61133564e-01             1.33646238e+00
    7   N    5    3   NR            -8.88952017e-02             4.19255584e-01
    7   N    5    4   NR             1.44427354e-02             7.19153509e-02
    7   N    5    5   NR             7.37875758e-04             3.33350413e-02
    8   O    5    1   NR             5.44341803e-01             2.06154704e+00
    8   O    5    2   NR             5.01552701e-01             1.01584601e+00
    8   O    5    3   NR            -6.37666583e-02             2.93030798e-01
    8   O    5    4   NR             1.11540556e-02             5.39356209e-02
    8   O    5    5   NR             4.64959332e-04             2.45875381e-02
    9   F    5    1   NR             4.88920629e-01             1.68396616e+00
    9   F    5    2   NR             4.52074707e-01             7.96269238e-01
    9   F    5    3   NR            -4.83793281e-02             2.15456083e-01
    9   F    5    4   NR             8.88391305e-03             4.18938585e-02
    9   F    5    5   NR             2.98173283e-04             1.86147261e-02
   10  Ne    5    1   NR             4.42890257e-01             1.40768051e+00
   10  Ne    5    2   NR             4.13129479e-01             6.43160641e-01
   10  Ne    5    3   NR            -3.75757441e-02             1.63015008e-01
   10  Ne    5    4   NR             7.27930339e-03             3.35697345e-02
   10  Ne    5    5   NR             2.03860385e-04             1.45166414e-02
   11  Na    7    1   NR             1.35064812e+01             8.36152840e+00
   11  Na    7    2   NR            -1.17713289e+01             7.55065393e+00
   11  Na    7    3   NR             2.24688917e-01             1.41386688e+00
   11  Na    7    4   NR             4.64552492e-01             5.21394134e-01
   11  Na    7    5   NR            -4.04717624e-02             1.43757105e-01
   11  Na    7    6   NR             5.87226357e-03             2.66482681e-02
   11  Na    7    7   NR             8.25337484e-05             1.02945045e-02
   12  Mg    7    1   NR             4.02054834e+00             6.14579535e+00
   12  Mg    7    2   NR            -1.84576631e+00             3.76884794e+00
   12  Mg    7    3   NR             4.57255214e-01             4.37057495e-01
   12  Mg    7    4   NR            -3.34198959e-02             1.05756104e-01
   12  Mg    7    5   NR             5.32700587e-03             2.63875462e-02
   12  Mg    7    6   NR             7.39427516e-04             1.41558489e-02
   12  Mg    7    7   NR             6.63661908e-08             1.34692702e-03
   13  Al    7    1   NR             2.19861150e+00             7.39585066e+00
   13  Al    7    2   NR             3.80740356e+00             2.79259157e+00
   13  Al    7    3   NR            -3.41629910e+00             2.35975504e+00
   13  Al    7    4   NR             3.95919710e-01             3.31361473e-01
   13  Al    7    5   NR            -4.16751392e-02             1.04174666e-01
   13  Al    7    6   NR             4.36454592e-03             1.89465024e-02
   13  Al    7    7   NR             4.38232964e-05             6.76693115e-03
   14  Si    7    1   NR             2.42813420e+00             5.27963924e+00
   14  Si    7    2   NR             2.44695687e+00             1.99028373e+00
   14  Si    7    3   NR            -2.29538727e+00             1.59654725e+00
   14  Si    7    4   NR             3.54026884e-01             2.60856450e-01
   14  Si    7    5   NR            -4.78874184e-02             9.45688561e-02
   14  Si    7    6   NR             3.75546166e-03             1.61339827e-02
   14  Si    7    7   NR             2.72398793e-05             5.35610225e-03
   15   P    7    1   NR             2.30053806e+00             4.01756001e+00
   15   P    7    2   NR             1.09535980e+00             1.84259319e+00
   15   P    7    3   NR            -9.31032240e-01             1.03737497e+00
   15   P    7    4   NR             3.28689694e-01             2.12238148e-01
   15   P    7    5   NR            -5.29563949e-02             8.51035491e-02
   15   P    7    6   NR             3.29056988e-03             1.39700314e-02
   15   P    7    7   NR             1.96140554e-05             4.40642517e-03
   16   S    7    1   NR             2.06046653e+00             3.21709013e+00
   16   S    7    2   NR             9.92733002e-01             1.66030121e+00
   16   S    7    3   NR            -7.26834416e-01             7.47188389e-01
   16   S    7    4   NR             3.13466966e-01             1.77178621e-01
   16   S    7    5   NR            -5.69946244e-02             7.64242858e-02
   16   S    7    6   NR             2.92033353e-03             1.22428006e-02
   16   S    7    7   NR             1.53510155e-05             3.71542969e-03
   17  Cl    7    1   NR             1.83522403e+00             2.64598083e+00
   17  Cl    7    2   NR             1.01575720e+00             1.43835330e+00
   17  Cl    7    3   NR            -6.62062466e-01             5.78286052e-01
   17  Cl    7    4   NR             3.03156048e-01             1.48997188e-01
   17  Cl    7    5   NR            -6.30462691e-02             6.94895834e-02
   17  Cl    7    6   NR             2.61102756e-03             1.08228140e-02
   17  Cl    7    7   NR             1.26114792e-05             3.18708830e-03
   18  Ar    7    1   NR             1.64106131e+00             2.22845435e+00
   18  Ar    7    2   NR             1.04081881e+00             1.24012184e+00
   18  Ar    7    3   NR            -6.19553685e-01             4.62862968e-01
   18  Ar    7    4   NR             2.97803253e-01             1.26127690e-01
   18  Ar    7    5   NR            -7.16678426e-02             6.38318583e-02
   18  Ar    7    6   NR             2.35042814e-03             9.64057539e-03
   18  Ar    7    7   NR             1.07492606e-05             2.77201785e-03
   19   K    9    1   NR             2.19477272e+01             1.06601162e+01
   19   K    9    2   NR            -2.31609993e+01             8.91334057e+00
   19   K    9    3   NR             4.04379988e+00             6.18063450e+00
   19   K    9    4   NR             2.10058427e+00             1.19517541e+00
   19   K    9    5   NR            -6.48058057e-01             3.97280633e-01
   19   K    9    6   NR             3.04471254e-01             1.04540840e-01
   19   K    9    7   NR            -9.61057544e-02             6.06575608e-02
   19   K    9    8   NR             2.12514424e-03             8.63399357e-03
   19   K    9    9   NR             9.11779080e-06             2.41787499e-03
   20  Ca    9    1   NR             1.65396271e+01             7.77370834e+00
   20  Ca    9    2   NR            -1.30726910e+01             6.45136070e+00
   20  Ca    9    3   NR             2.06451750e+00             8.93868506e-01
   20  Ca    9    4   NR            -7.85054564e-01             3.48901331e-01
   20  Ca    9    5   NR             2.81542748e-01             9.65025723e-02
   20  Ca    9    6   NR            -7.26956502e-02             5.08974418e-02
   20  Ca    9    7   NR             2.06523342e-03             8.31739232e-03
   20  Ca    9    8   NR             6.06423055e-05             3.72691383e-03
   20  Ca    9    9   NR             2.24596857e-08             3.02617176e-04
   21  Sc    9    1   NR             1.39431868e+01             7.09420347e+00
   21  Sc    9    2   NR            -1.05765352e+01             5.96812153e+00
   21  Sc    9    3   NR             1.78384614e+00             7.62345612e-01
   21  Sc    9    4   NR            -6.92713678e-01             2.90234029e-01
   21  Sc    9    5   NR             2.74918050e-01             8.41838419e-02
   21  Sc    9    6   NR            -7.80847892e-02             4.67472039e-02
   21  Sc    9    7   NR             1.90523220e-03             7.58252526e-03
   21  Sc    9    8   NR             5.88833973e-05             3.40658356e-03
   21  Sc    9    9   NR             2.48696193e-08             2.83537986e-04
   22  Ti    9    1   NR             1.81446190e+01             6.48838139e+00
   22  Ti    9    2   NR            -1.49424486e+01             5.87076521e+00
   22  Ti    9    3   NR             1.55141628e+00             6.96677625e-01
   22  Ti    9    4   NR            -5.67645729e-01             2.29611546e-01
   22  Ti    9    5   NR             2.67385989e-01             7.83358142e-02
   22  Ti    9    6   NR            -6.51099682e-02             4.09685448e-02
   22  Ti    9    7   NR             1.79206650e-03             7.06666289e-03
   22  Ti    9    8   NR             7.41508993e-05             3.30050965e-03
   22  Ti    9    9   NR             3.12854240e-08             2.79108179e-04
   23   V    9    1   NR             1.49311352e+01             6.18181658e+00
   23   V    9    2   NR            -1.19109068e+01             5.59342813e+00
   23   V    9    3   NR             1.39325058e+00             6.56246781e-01
   23   V    9    4   NR            -5.01097322e-01             1.75125614e-01
   23   V    9    5   NR             2.87921160e-01             7.74646699e-02
   23   V    9    6   NR            -4.70381044e-02             3.48578468e-02
   23   V    9    7   NR             1.71380187e-03             6.69903494e-03
   23   V    9    8   NR             1.00498459e-04             3.24578187e-03
   23   V    9    9   NR             3.90597350e-08             2.74963357e-04
   24  Cr    9    1   NR             8.22954178e+00             7.06331158e+00
   24  Cr    9    2   NR            -6.33172750e+00             6.34138918e+00
   24  Cr    9    3   NR             6.78421915e-01             2.10400414e+00
   24  Cr    9    4   NR             1.18757749e+00             5.55142641e-01
   24  Cr    9    5   NR            -4.23108041e-01             1.79556400e-01
   24  Cr    9    6   NR             3.71291578e-01             5.22069819e-02
   24  Cr    9    7   NR            -2.20961466e-01             4.12678681e-02
   24  Cr    9    8   NR             1.44754571e-03             5.51099097e-03
   24  Cr    9    9   NR             8.59524243e-06             1.57000951e-03
   25  Mn    9    1   NR             9.10544872e+00             5.66337442e+00
   25  Mn    9    2   NR            -6.52303362e+00             4.93907499e+00
   25  Mn    9    3   NR             3.48803520e-01             1.22167587e+00
   25  Mn    9    4   NR             1.10871148e+00             4.74997461e-01
   25  Mn    9    5   NR            -4.27134424e-01             1.63209632e-01
   25  Mn    9    6   NR             3.87571186e-01             4.67224643e-02
   25  Mn    9    7   NR            -2.45925486e-01             3.80412862e-02
   25  Mn    9    8   NR             1.36732147e-03             5.12183225e-03
   25  Mn    9    9   NR             9.38305402e-06             1.49274059e-03
   26  Fe    9    1   NR             8.27136517e+00             5.42583179e+00
   26  Fe    9    2   NR            -5.84911585e+00             4.75086117e+00
   26  Fe    9    3   NR             3.92150104e-01             1.13261068e+00
   26  Fe    9    4   NR             1.01807308e+00             4.33917075e-01
   26  Fe    9    5   NR            -3.84593993e-01             1.43208429e-01
   26  Fe    9    6   NR             3.63664567e-01             4.26827744e-02
   26  Fe    9    7   NR            -2.29273930e-01             3.46941650e-02
   26  Fe    9    8   NR             1.28652831e-03             4.75833798e-03
   26  Fe    9    9   NR             9.45589545e-06             1.39214972e-03
   27  Co    9    1   NR             6.92224216e+00             5.24194670e+00
   27  Co    9    2   NR            -4.64529276e+00             4.53625250e+00
   27  Co    9    3   NR             4.25602138e-01             1.05953956e+00
   27  Co    9    4   NR             9.45807397e-01             3.98465961e-01
   27  Co    9    5   NR            -3.49481970e-01             1.26860827e-01
   27  Co    9    6   NR             3.37447166e-01             3.91700678e-02
   27  Co    9    7   NR            -2.10059747e-01             3.16916704e-02
   27  Co    9    8   NR             1.21448399e-03             4.43600584e-03
   27  Co    9    9   NR             9.65707113e-06             1.30640902e-03
   28  Ni    9    1   NR             5.94351482e+00             5.07149458e+00
   28  Ni    9    2   NR            -3.79648113e+00             4.34802103e+00
   28  Ni    9    3   NR             4.50262487e-01             9.92281258e-01
   28  Ni    9    4   NR             8.85371923e-01             3.67478669e-01
   28  Ni    9    5   NR            -3.19782704e-01             1.13177434e-01
   28  Ni    9    6   NR             3.14840436e-01             3.60576883e-02
   28  Ni    9    7   NR            -1.93963662e-01             2.90703233e-02
   28  Ni    9    8   NR             1.14714645e-03             4.14197799e-03
   28  Ni    9    9   NR             9.62191280e-06             1.22022454e-03
   29  Cu    9    1   NR             4.68789005e+00             6.00218773e+00
   29  Cu    9    2   NR            -3.33382225e+00             5.41599512e+00
   29  Cu    9    3   NR             7.26172090e-01             1.34411120e+00
   29  Cu    9    4   NR             8.69078398e-01             3.66862863e-01
   29  Cu    9    5   NR            -2.69804537e-01             9.57197845e-02
   29  Cu    9    6   NR             2.72585452e-01             3.41277868e-02
   29  Cu    9    7   NR            -1.52333200e-01             2.64766458e-02
   29  Cu    9    8   NR             1.07494276e-03             3.85803124e-03
   29  Cu    9    9   NR             8.94586447e-06             1.12136244e-03
   30  Zn    9    1   NR             4.64516258e+00             4.76353693e+00
   30  Zn    9    2   NR            -2.71925640e+00             4.04099560e+00
   30  Zn    9    3   NR             4.84622896e-01             8.68877351e-01
   30  Zn    9    4   NR             7.86810815e-01             3.14322859e-01
   30  Zn    9    5   NR            -2.73284674e-01             9.22998264e-02
   30  Zn    9    6   NR             2.70317107e-01             3.08156051e-02
   30  Zn    9    7   NR            -1.62153661e-01             2.45866403e-02
   30  Zn    9    8   NR             1.03428646e-03             3.64877516e-03
   30  Zn    9    9   NR             1.01914784e-05             1.09113811e-03
   31  Ga    9    1   NR             1.56958652e+00             7.99996424e+00
   31  Ga    9    2   NR             1.17837918e+00             4.23619366e+00
   31  Ga    9    3   NR             9.37134445e-01             3.44157010e-01
   31  Ga    9    4   NR            -5.13307333e-01             5.94610311e-02
   31  Ga    9    5   NR             4.29230899e-01             4.47462201e-02
   31  Ga    9    6   NR            -2.57383175e-02             1.67609360e-02
   31  Ga    9    7   NR             1.18507794e-03             4.26325528e-03
   31  Ga    9    8   NR             1.38940581e-04             2.05104565e-03
   31  Ga    9    9   NR             7.97075543e-08             1.88402395e-04
   32  Ge    9    1   NR             2.41424847e+00             5.64434385e+00
   32  Ge    9    2   NR             2.27690268e+00             2.27187991e+00
   32  Ge    9    3   NR            -1.77882886e+00             1.88592637e+00
   32  Ge    9    4   NR             9.10028756e-01             2.98196852e-01
   32  Ge    9    5   NR            -2.50697941e-01             7.11925700e-02
   32  Ge    9    6   NR             2.18670845e-01             2.86193341e-02
   32  Ge    9    7   NR            -1.01239815e-01             2.06950847e-02
   32  Ge    9    8   NR             9.23930202e-04             3.20719043e-03
   32  Ge    9    9   NR             9.00808936e-06             9.34453448e-04
   33  As    9    1   NR             2.71812510e+00             4.35857868e+00
   33  As    9    2   NR             2.23002076e+00             1.71010959e+00
   33  As    9    3   NR            -2.02734208e+00             1.36823034e+00
   33  As    9    4   NR             9.05408442e-01             2.64490843e-01
   33  As    9    5   NR            -2.52270341e-01             7.05979690e-02
   33  As    9    6   NR             2.28861451e-01             2.53687520e-02
   33  As    9    7   NR            -1.27362177e-01             1.97094921e-02
   33  As    9    8   NR             8.94265715e-04             3.05602374e-03
   33  As    9    9   NR             1.05027693e-05             9.21256025e-04
   34  Se    9    1   NR             2.68334103e+00             3.57443738e+00
   34  Se    9    2   NR             1.00512302e+00             1.86408734e+00
   34  Se    9    3   NR            -8.51174116e-01             8.47240627e-01
   34  Se    9    4   NR             9.41160023e-01             2.41499647e-01
   34  Se    9    5   NR            -2.56734371e-01             6.81602731e-02
   34  Se    9    6   NR             2.24463090e-01             2.33049933e-02
   34  Se    9    7   NR            -1.30958021e-01             1.84364095e-02
   34  Se    9    8   NR             8.68907140e-04             2.92098965e-03
   34  Se    9    9   NR             1.21607354e-05             9.07124369e-04
   35  Br    9    1   NR             2.40212655e+00             3.04527473e+00
   35  Br    9    2   NR             1.18681359e+00             1.89532530e+00
   35  Br    9    3   NR            -9.17226791e-01             6.11206472e-01
   35  Br    9    4   NR             1.03250122e+00             2.27017447e-01
   35  Br    9    5   NR            -2.59445310e-01             6.44627884e-02
   35  Br    9    6   NR             2.14271024e-01             2.18216665e-02
   35  Br    9    7   NR            -1.24464221e-01             1.72340926e-02
   35  Br    9    8   NR             8.36816209e-04             2.77800020e-03
   35  Br    9    9   NR             1.26685791e-05             8.68465402e-04
   36  Kr    9    1   NR             2.19487906e+00             2.63494205e+00
   36  Kr    9    2   NR             1.39614511e+00             1.71619749e+00
   36  Kr    9    3   NR            -1.08963943e+00             4.97850895e-01
   36  Kr    9    4   NR             1.13127875e+00             2.10325435e-01
   36  Kr    9    5   NR            -2.68973768e-01             6.21847175e-02
   36  Kr    9    6   NR             2.03147545e-01             2.03715879e-02
   36  Kr    9    7   NR            -1.18449688e-01             1.60953067e-02
   36  Kr    9    8   NR             8.13979423e-04             2.66107917e-03
   36  Kr    9    9   NR             1.40807806e-05             8.47692136e-04
   37  Rb   11    1   NR             2.88824558e+01             1.18517742e+01
   37  Rb   11    2   NR            -2.62147827e+01             1.06398325e+01
   37  Rb   11    3   NR             3.33871508e+00             1.83253539e+00
   37  Rb   11    4   NR            -3.46799970e+00             3.01745951e-01
   37  Rb   11    5   NR             3.53283453e+00             2.40089476e-01
   37  Rb   11    6   NR            -2.63333976e-01             5.79729900e-02
   37  Rb   11    7   NR             1.32725582e-01             2.07093898e-02
   37  Rb   11    8   NR            -4.92376648e-02             1.32132070e-02
   37  Rb   11    9   NR             9.44821164e-04             3.33222910e-03
   37  Rb   11   10   NR             1.56672570e-04             1.55123521e-03
   37  Rb   11   11   NR             1.28289329e-07             1.51996413e-04
   38  Sr   11    1   NR             3.08750858e+01             8.37990475e+00
   38  Sr   11    2   NR            -2.69167175e+01             7.41130543e+00
   38  Sr   11    3   NR             3.41162276e+00             1.17499101e+00
   38  Sr   11    4   NR            -1.69964278e+00             4.47708935e-01
   38  Sr   11    5   NR             1.17303026e+00             1.60595790e-01
   38  Sr   11    6   NR            -3.56782019e-01             6.40621111e-02
   38  Sr   11    7   NR             1.23533279e-01             1.82816833e-02
   38  Sr   11    8   NR            -5.52242547e-02             1.24104833e-02
   38  Sr   11    9   NR             1.09335629e-03             3.67634674e-03
   38  Sr   11   10   NR             2.19110909e-04             1.59585208e-03
   38  Sr   11   11   NR             1.72599925e-07             1.59056755e-04
   39   Y   11    1   NR             1.84560490e+01             7.48366451e+00
   39   Y   11    2   NR            -1.42703991e+01             6.33372784e+00
   39   Y   11    3   NR             3.37869596e+00             9.09864962e-01
   39   Y   11    4   NR            -2.04687786e+00             4.29027200e-01
   39   Y   11    5   NR             1.21192741e+00             1.37207806e-01
   39   Y   11    6   NR            -4.55699235e-01             6.55247793e-02
   39   Y   11    7   NR             1.10154621e-01             1.71685796e-02
   39   Y   11    8   NR            -4.75438014e-02             1.12562338e-02
   39   Y   11    9   NR             1.38151983e-03             3.99473170e-03
   39   Y   11   10   NR             2.53565988e-04             1.57948514e-03
   39   Y   11   11   NR             2.05947245e-07             1.59694842e-04
   40  Zr   11    1   NR             2.06271877e+01             6.81816912e+00
   40  Zr   11    2   NR            -1.64496899e+01             6.13167715e+00
   40  Zr   11    3   NR             2.88164592e+00             8.19530785e-01
   40  Zr   11    4   NR            -1.85871780e+00             3.50000948e-01
   40  Zr   11    5   NR             1.32779419e+00             1.26951352e-01
   40  Zr   11    6   NR            -5.03850579e-01             6.34040460e-02
   40  Zr   11    7   NR             1.03368379e-01             1.63585786e-02
   40  Zr   11    8   NR            -4.27625887e-02             1.04520544e-02
   40  Zr   11    9   NR             1.47415628e-03             3.93434428e-03
   40  Zr   11   10   NR             2.48894066e-04             1.50772289e-03
   40  Zr   11   11   NR             2.16124008e-07             1.53600093e-04
   41  Nb   11    1   NR             3.40450978e+00             8.34534740e+00
   41  Nb   11    2   NR             2.06167150e+00             1.01648009e+00
   41  Nb   11    3   NR             1.08062613e+00             3.66668910e-01
   41  Nb   11    4   NR            -3.04908013e+00             2.46267259e-01
   41  Nb   11    5   NR             2.17152476e+00             1.48087025e-01
   41  Nb   11    6   NR            -3.68786275e-01             5.36634140e-02
   41  Nb   11    7   NR             9.77891535e-02             1.66550130e-02
   41  Nb   11    8   NR            -3.10571920e-02             9.48596653e-03
   41  Nb   11    9   NR             1.35315780e-03             3.59015563e-03
   41  Nb   11   10   NR             2.17902605e-04             1.40079681e-03
   41  Nb   11   11   NR             2.02760887e-07             1.42285498e-04
   42  Mo   11    1   NR             2.97045708e+00             7.96529865e+00
   42  Mo   11    2   NR             1.40716696e+00             1.43490136e+00
   42  Mo   11    3   NR             3.05880737e+00             4.65873718e-01
   42  Mo   11    4   NR            -3.11422110e+00             3.22925538e-01
   42  Mo   11    5   NR             1.41496074e+00             1.02925599e-01
   42  Mo   11    6   NR            -6.49856746e-01             5.89383878e-02
   42  Mo   11    7   NR             8.73283967e-02             1.57011244e-02
   42  Mo   11    8   NR            -2.73381528e-02             8.52445979e-03
   42  Mo   11    9   NR             1.92537613e-03             3.88297648e-03
   42  Mo   11   10   NR             2.35089843e-04             1.37052767e-03
   42  Mo   11   11   NR             2.30298454e-07             1.40977951e-04
   43  Tc   11    1   NR             9.18036175e+00             6.23364258e+00
   43  Tc   11    2   NR            -5.56568718e+00             5.64034224e+00
   43  Tc   11    3   NR             2.13114190e+00             8.02950621e-01
   43  Tc   11    4   NR            -4.52947140e+00             1.52251929e-01
   43  Tc   11    5   NR             4.80175686e+00             1.23405777e-01
   43  Tc   11    6   NR            -6.40515804e-01             5.79147264e-02
   43  Tc   11    7   NR             1.01732261e-01             1.33658256e-02
   43  Tc   11    8   NR            -4.88896631e-02             9.19910148e-03
   43  Tc   11    9   NR             1.42537302e-03             3.50582646e-03
   43  Tc   11   10   NR             2.22087838e-04             1.30188663e-03
   43  Tc   11   11   NR             2.37468143e-07             1.35211376e-04
   44  Ru   11    1   NR             2.31714153e+00             7.56298208e+00
   44  Ru   11    2   NR             1.62490177e+00             1.51267111e+00
   44  Ru   11    3   NR             2.10027122e+00             4.54206288e-01
   44  Ru   11    4   NR            -2.03769231e+00             2.52538085e-01
   44  Ru   11    5   NR             1.91222131e+00             8.02688152e-02
   44  Ru   11    6   NR            -1.20103538e+00             5.76278307e-02
   44  Ru   11    7   NR             8.01757649e-02             1.49241164e-02
   44  Ru   11    8   NR            -2.06738431e-02             7.10246433e-03
   44  Ru   11    9   NR             2.46262946e-03             3.72992479e-03
   44  Ru   11   10   NR             2.11901061e-04             1.23484922e-03
   44  Ru   11   11   NR             2.29801742e-07             1.26922750e-04
   45  Rh   11    1   NR             2.10016489e+00             7.40874529e+00
   45  Rh   11    2   NR             1.74428022e+00             1.41952538e+00
   45  Rh   11    3   NR             1.92520118e+00             4.23736155e-01
   45  Rh   11    4   NR            -1.93683445e+00             2.26718292e-01
   45  Rh   11    5   NR             1.88386428e+00             7.55897835e-02
   45  Rh   11    6   NR            -1.16345143e+00             5.36204875e-02
   45  Rh   11    7   NR             8.00445527e-02             1.48464693e-02
   45  Rh   11    8   NR            -1.78710464e-02             6.39912905e-03
   45  Rh   11    9   NR             2.93031777e-03             3.66180879e-03
   45  Rh   11   10   NR             1.99020069e-04             1.16978120e-03
   45  Rh   11   11   NR             2.25124850e-07             1.19710734e-04
   46  Pd   11    1   NR             1.05710268e+00             4.03213739e+00
   46  Pd   11    2   NR             1.41128886e+00             1.86814106e+00
   46  Pd   11    3   NR             1.68193150e+00             6.19655848e-01
   46  Pd   11    4   NR            -1.77466977e+00             1.44744992e-01
   46  Pd   11    5   NR             2.22346568e+00             8.29187185e-02
   46  Pd   11    6   NR            -8.68653417e-01             4.99302372e-02
   46  Pd   11    7   NR             7.82828182e-02             1.35301407e-02
   46  Pd   11    8   NR            -1.99564882e-02             6.70960033e-03
   46  Pd   11    9   NR             1.68784172e-03             3.12320725e-03
   46  Pd   11   10   NR             1.76297966e-04             1.09473697e-03
   46  Pd   11   11   NR             2.16218154e-07             1.12290720e-04
   47  Ag   11    1   NR             1.77994061e+00             7.15540504e+00
   47  Ag   11    2   NR             1.82654667e+00             1.25400293e+00
   47  Ag   11    3   NR             1.54803789e+00             3.98052305e-01
   47  Ag   11    4   NR            -1.65659523e+00             1.77874103e-01
   47  Ag   11    5   NR             1.95938873e+00             6.72171861e-02
   47  Ag   11    6   NR            -1.18988073e+00             4.76163812e-02
   47  Ag   11    7   NR             8.15105513e-02             1.41127333e-02
   47  Ag   11    8   NR            -1.50453020e-02             5.77772316e-03
   47  Ag   11    9   NR             2.28069676e-03             3.15158255e-03
   47  Ag   11   10   NR             1.66028840e-04             1.03807729e-03
   47  Ag   11   11   NR             2.10667523e-07             1.05898842e-04
   48  Cd   11    1   NR             6.58326626e+00             5.06750250e+00
   48  Cd   11    2   NR            -4.25987053e+00             4.38666582e+00
   48  Cd   11    3   NR             1.10820794e+00             1.27224994e+00
   48  Cd   11    4   NR             1.61785483e+00             5.02375245e-01
   48  Cd   11    5   NR            -3.47252893e+00             1.14330590e-01
   48  Cd   11    6   NR             3.51784134e+00             8.76579881e-02
   48  Cd   11    7   NR            -5.43267667e-01             3.92503999e-02
   48  Cd   11    8   NR             1.56425923e-01             1.11524453e-02
   48  Cd   11    9   NR            -8.99366364e-02             8.91167205e-03
   48  Cd   11   10   NR             4.30345361e-04             1.35492662e-03
   48  Cd   11   11   NR             1.15004946e-06             1.81385039e-04
   49  In   11    1   NR             2.39747310e+00             8.35308361e+00
   49  In   11    2   NR             1.17014194e+00             3.98583984e+00
   49  In   11    3   NR             2.07452202e+00             5.52975953e-01
   49  In   11    4   NR            -3.25468159e+00             9.88149568e-02
   49  In   11    5   NR             4.18723726e+00             7.14257732e-02
   49  In   11    6   NR            -1.34706187e+00             4.60221395e-02
   49  In   11    7   NR             7.50390366e-02             1.21150557e-02
   49  In   11    8   NR            -1.71103701e-02             5.81570715e-03
   49  In   11    9   NR             1.41245604e-03             2.63280282e-03
   49  In   11   10   NR             1.40988981e-04             9.28509864e-04
   49  In   11   11   NR             2.01730231e-07             9.46241853e-05
   50  Sn   11    1   NR             2.12997699e+00             6.68770409e+00
   50  Sn   11    2   NR             1.85330582e+00             5.02967167e+00
   50  Sn   11    3   NR             2.17493153e+00             4.28656578e-01
   50  Sn   11    4   NR            -1.46241069e+00             1.37976497e-01
   50  Sn   11    5   NR             2.33621216e+00             5.24558797e-02
   50  Sn   11    6   NR            -1.62921083e+00             3.98885868e-02
   50  Sn   11    7   NR             1.03827864e-01             1.44249853e-02
   50  Sn   11    8   NR            -1.10480059e-02             4.37320024e-03
   50  Sn   11    9   NR             3.14927497e-03             2.82925135e-03
   50  Sn   11   10   NR             1.26323590e-04             8.68025585e-04
   50  Sn   11   11   NR             1.86268835e-07             8.78000064e-05
   51  Sb   11    1   NR             4.37420225e+00             4.83921099e+00
   51  Sb   11    2   NR            -4.68806314e+00             5.83547711e-01
   51  Sb   11    3   NR             6.42286587e+00             5.01985669e-01
   51  Sb   11    4   NR            -1.59970772e+00             1.15233786e-01
   51  Sb   11    5   NR             2.41314650e+00             5.29645644e-02
   51  Sb   11    6   NR            -1.46777940e+00             3.83170880e-02
   51  Sb   11    7   NR             9.75019634e-02             1.35151884e-02
   51  Sb   11    8   NR            -1.07698664e-02             4.35204478e-03
   51  Sb   11    9   NR             2.53356225e-03             2.64682714e-03
   51  Sb   11   10   NR             1.20373195e-04             8.28798627e-04
   51  Sb   11   11   NR             1.86002310e-07             8.37169355e-05
   52  Te   11    1   NR             4.72040558e+00             3.99711609e+00
   52  Te   11    2   NR            -7.32511902e+00             5.61846852e-01
   52  Te   11    3   NR             8.73678398e+00             4.84250456e-01
   52  Te   11    4   NR            -1.63763070e+00             1.09391719e-01
   52  Te   11    5   NR             2.48000121e+00             4.94819321e-02
   52  Te   11    6   NR            -1.55322945e+00             3.61846983e-02
   52  Te   11    7   NR             1.05941884e-01             1.34465219e-02
   52  Te   11    8   NR            -9.96869151e-03             4.09091264e-03
   52  Te   11    9   NR             2.47131079e-03             2.50974949e-03
   52  Te   11   10   NR             1.09388304e-04             7.80932314e-04
   52  Te   11   11   NR             1.78539111e-07             7.87879908e-05
   53   I   11    1   NR             4.97099781e+00             3.38375258e+00
   53   I   11    2   NR            -8.36041927e+00             5.10446250e-01
   53   I   11    3   NR             9.62276554e+00             4.33752775e-01
   53   I   11    4   NR            -1.65047896e+00             1.12188198e-01
   53   I   11    5   NR             2.29495645e+00             4.52695414e-02
   53   I   11    6   NR            -1.53366041e+00             3.31461541e-02
   53   I   11    7   NR             1.27884641e-01             1.37549704e-02
   53   I   11    8   NR            -9.11917537e-03             3.79252410e-03
   53   I   11    9   NR             2.52119894e-03             2.38775834e-03
   53   I   11   10   NR             9.78347089e-05             7.32556800e-04
   53   I   11   11   NR             1.68857397e-07             7.37888477e-05
   54  Xe   11    1   NR             3.77659321e+00             3.10536480e+00
   54  Xe   11    2   NR             1.67393661e+00             2.20838451e+00
   54  Xe   11    3   NR            -2.83709502e+00             6.44960105e-01
   54  Xe   11    4   NR             3.53912973e+00             3.47859204e-01
   54  Xe   11    5   NR            -2.67355704e+00             8.86894763e-02
   54  Xe   11    6   NR             2.59346509e+00             5.59645295e-02
   54  Xe   11    7   NR            -7.46767819e-01             3.03390045e-02
   54  Xe   11    8   NR             1.32152468e-01             9.31130257e-03
   54  Xe   11    9   NR            -5.98033145e-02             6.89051161e-03
   54  Xe   11   10   NR             3.30544863e-04             1.04130292e-03
   54  Xe   11   11   NR             9.55260361e-07             1.29895663e-04
   55  Cs   13    1   NR             3.78732643e+01             1.32733555e+01
   55  Cs   13    2   NR            -3.50281868e+01             1.18683167e+01
   55  Cs   13    3   NR             5.53163910e+00             2.38429976e+00
   55  Cs   13    4   NR            -8.47542286e+00             4.39392775e-01
   55  Cs   13    5   NR             9.34078312e+00             3.52943242e-01
   55  Cs   13    6   NR            -1.95292759e+00             1.01421438e-01
   55  Cs   13    7   NR             1.99595988e+00             4.30685915e-02
   55  Cs   13    8   NR            -1.17726243e+00             2.82518025e-02
   55  Cs   13    9   NR             1.56242117e-01             1.34122511e-02
   55  Cs   13   10   NR            -8.15269537e-03             3.48669034e-03
   55  Cs   13   11   NR             2.16369610e-03             2.14334903e-03
   55  Cs   13   12   NR             8.27906842e-05             6.55489683e-04
   55  Cs   13   13   NR             1.57850934e-07             6.58457866e-05
   56  Ba   13    1   NR             4.51960716e+01             9.53592968e+00
   56  Ba   13    2   NR            -4.06910896e+01             8.46809387e+00
   56  Ba   13    3   NR             5.68075037e+00             1.63039768e+00
   56  Ba   13    4   NR            -7.06736326e+00             4.67266470e-01
   56  Ba   13    5   NR             6.97381687e+00             3.23994964e-01
   56  Ba   13    6   NR            -2.19016862e+00             8.88646916e-02
   56  Ba   13    7   NR             2.18414259e+00             4.36530113e-02
   56  Ba   13    8   NR            -1.08571899e+00             2.71850657e-02
   56  Ba   13    9   NR             1.43397912e-01             1.25520928e-02
   56  Ba   13   10   NR            -7.82773551e-03             3.61541798e-03
   56  Ba   13   11   NR             1.34262815e-03             1.88280316e-03
   56  Ba   13   12   NR             7.25961654e-05             6.13562879e-04
   56  Ba   13   13   NR             1.50909429e-07             6.19899001e-05
   57  La   13    1   NR             3.40347977e+01             8.49133968e+00
   57  La   13    2   NR            -2.89452171e+01             7.51299524e+00
   57  La   13    3   NR             5.27488947e+00             1.29926884e+00
   57  La   13    4   NR            -6.91636324e+00             4.38250571e-01
   57  La   13    5   NR             6.60116816e+00             2.85305321e-01
   57  La   13    6   NR            -2.29009771e+00             8.85200575e-02
   57  La   13    7   NR             2.09860039e+00             4.09430861e-02
   57  La   13    8   NR            -1.09882188e+00             2.55638938e-02
   57  La   13    9   NR             1.58961266e-01             1.23783592e-02
   57  La   13   10   NR            -7.41429161e-03             3.58021050e-03
   57  La   13   11   NR             1.01479213e-03             1.67508994e-03
   57  La   13   12   NR             5.86515271e-05             5.60290355e-04
   57  La   13   13   NR             1.34437869e-07             5.69248550e-05
   58  Ce   13    1   NR             3.27280922e+01             8.31810760e+00
   58  Ce   13    2   NR            -2.77526703e+01             7.37019348e+00
   58  Ce   13    3   NR             5.04893827e+00             1.24538159e+00
   58  Ce   13    4   NR            -5.87939978e+00             4.25380975e-01
   58  Ce   13    5   NR             5.62617970e+00             2.64734209e-01
   58  Ce   13    6   NR            -2.23406410e+00             8.22832361e-02
   58  Ce   13    7   NR             2.06725097e+00             3.92212011e-02
   58  Ce   13    8   NR            -1.06249392e+00             2.40945034e-02
   58  Ce   13    9   NR             1.66471705e-01             1.20123494e-02
   58  Ce   13   10   NR            -7.28577888e-03             3.56662762e-03
   58  Ce   13   11   NR             7.92261329e-04             1.49311183e-03
   58  Ce   13   12   NR             4.59135554e-05             5.06573007e-04
   58  Ce   13   13   NR             1.16793743e-07             5.18616944e-05
   59  Pr   13    1   NR             3.93440285e+01             8.93713379e+00
   59  Pr   13    2   NR            -3.50346985e+01             7.96685648e+00
   59  Pr   13    3   NR             4.85135221e+00             1.42548263e+00
   59  Pr   13    4   NR            -5.00721121e+00             3.94599527e-01
   59  Pr   13    5   NR             5.19243956e+00             2.62669861e-01
   59  Pr   13    6   NR            -2.08666563e+00             7.31076598e-02
   59  Pr   13    7   NR             2.07709289e+00             3.79947647e-02
   59  Pr   13    8   NR            -1.00449777e+00             2.26877518e-02
   59  Pr   13    9   NR             1.71923980e-01             1.16492119e-02
   59  Pr   13   10   NR            -7.12431688e-03             3.45961400e-03
   59  Pr   13   11   NR             7.40695396e-04             1.41940254e-03
   59  Pr   13   12   NR             4.20101569e-05             4.78325877e-04
   59  Pr   13   13   NR             1.11876858e-07             4.88918959e-05
   60  Nd   13    1   NR             3.54407997e+01             8.81293869e+00
   60  Nd   13    2   NR            -3.12089386e+01             7.79609156e+00
   60  Nd   13    3   NR             4.63831568e+00             1.37366021e+00
   60  Nd   13    4   NR            -4.17822218e+00             3.83099824e-01
   60  Nd   13    5   NR             4.43280745e+00             2.43601516e-01
   60  Nd   13    6   NR            -1.98925698e+00             6.95538297e-02
   60  Nd   13    7   NR             2.02404499e+00             3.56831290e-02
   60  Nd   13    8   NR            -1.02893591e+00             2.15767939e-02
   60  Nd   13    9   NR             1.83332995e-01             1.14011886e-02
   60  Nd   13   10   NR            -6.88105868e-03             3.34420940e-03
   60  Nd   13   11   NR             6.92379544e-04             1.34416437e-03
   60  Nd   13   12   NR             3.72222494e-05             4.46910795e-04
   60  Nd   13   13   NR             1.03449018e-07             4.55061854e-05
   61  Pm   13    1   NR             3.47529716e+01             8.65934277e+00
   61  Pm   13    2   NR            -3.05883484e+01             7.68430185e+00
   61  Pm   13    3   NR             4.45483923e+00             1.32116544e+00
   61  Pm   13    4   NR            -3.34111929e+00             3.80787462e-01
   61  Pm   13    5   NR             3.64241838e+00             2.23401099e-01
   61  Pm   13    6   NR            -1.93800628e+00             6.60493225e-02
   61  Pm   13    7   NR             1.93254924e+00             3.42275314e-02
   61  Pm   13    8   NR            -9.80455160e-01             2.01762877e-02
   61  Pm   13    9   NR             1.99451789e-01             1.11672180e-02
   61  Pm   13   10   NR            -6.72684517e-03             3.24402773e-03
   61  Pm   13   11   NR             6.53119059e-04             1.28553703e-03
   61  Pm   13   12   NR             3.49773909e-05             4.25664446e-04
   61  Pm   13   13   NR             1.01901456e-07             4.33834502e-05
   62  Sm   13    1   NR             3.38096046e+01             8.51577091e+00
   62  Sm   13    2   NR            -2.97165699e+01             7.56938219e+00
   62  Sm   13    3   NR             4.25338888e+00             1.28049672e+00
   62  Sm   13    4   NR            -3.05289721e+00             3.62190127e-01
   62  Sm   13    5   NR             3.41868567e+00             2.12548807e-01
   62  Sm   13    6   NR            -1.82814717e+00             6.30322620e-02
   62  Sm   13    7   NR             1.84688580e+00             3.22533809e-02
   62  Sm   13    8   NR            -9.95623052e-01             1.89607907e-02
   62  Sm   13    9   NR             2.28561655e-01             1.10813659e-02
   62  Sm   13   10   NR            -6.38253568e-03             3.10748792e-03
   62  Sm   13   11   NR             6.30667782e-04             1.22924394e-03
   62  Sm   13   12   NR             3.10711039e-05             3.97103548e-04
   62  Sm   13   13   NR             9.22068466e-08             4.00660319e-05
   63  Eu   13    1   NR             3.15311279e+01             8.39569950e+00
   63  Eu   13    2   NR            -2.75086098e+01             7.43476439e+00
   63  Eu   13    3   NR             4.08101797e+00             1.23661137e+00
   63  Eu   13    4   NR            -2.65868568e+00             3.52177531e-01
   63  Eu   13    5   NR             3.07328415e+00             1.99413344e-01
   63  Eu   13    6   NR            -1.70410645e+00             6.07950948e-02
   63  Eu   13    7   NR             1.83429670e+00             2.97706537e-02
   63  Eu   13    8   NR            -1.08631849e+00             1.84547380e-02
   63  Eu   13    9   NR             2.31920883e-01             1.07526453e-02
   63  Eu   13   10   NR            -6.20871596e-03             3.00400192e-03
   63  Eu   13   11   NR             6.04416942e-04             1.17990479e-03
   63  Eu   13   12   NR             2.88189804e-05             3.76021781e-04
   63  Eu   13   13   NR             8.80620448e-08             3.77771757e-05
   64  Gd   13    1   NR             2.40563641e+01             7.45924664e+00
   64  Gd   13    2   NR            -1.96236076e+01             6.53997040e+00
   64  Gd   13    3   NR             4.23728752e+00             9.73873198e-01
   64  Gd   13    4   NR            -2.52276778e+00             4.25398469e-01
   64  Gd   13    5   NR             2.48687339e+00             1.61460191e-01
   64  Gd   13    6   NR            -1.74466014e+00             6.50662482e-02
   64  Gd   13    7   NR             1.68297362e+00             2.69974228e-02
   64  Gd   13    8   NR            -1.18599415e+00             1.73617266e-02
   64  Gd   13    9   NR             2.82878518e-01             1.07336091e-02
   64  Gd   13   10   NR            -6.02540653e-03             2.92386627e-03
   64  Gd   13   11   NR             5.53281163e-04             1.11255632e-03
   64  Gd   13   12   NR             2.53710787e-05             3.50579008e-04
   64  Gd   13   13   NR             8.11042256e-08             3.51473282e-05
   65  Tb   13    1   NR             3.09652328e+01             8.11982059e+00
   65  Tb   13    2   NR            -2.70722179e+01             7.24682236e+00
   65  Tb   13    3   NR             3.78649855e+00             1.15298986e+00
   65  Tb   13    4   NR            -1.91745448e+00             3.45693827e-01
   65  Tb   13    5   NR             2.41209292e+00             1.72391370e-01
   65  Tb   13    6   NR            -1.54993343e+00             5.66669106e-02
   65  Tb   13    7   NR             1.70832169e+00             2.65072007e-02
   65  Tb   13    8   NR            -1.11129463e+00             1.67747810e-02
   65  Tb   13    9   NR             2.55567849e-01             1.01661384e-02
   65  Tb   13   10   NR            -6.10771868e-03             2.90067028e-03
   65  Tb   13   11   NR             4.79975191e-04             1.02279941e-03
   65  Tb   13   12   NR             1.96168512e-05             3.11797136e-04
   65  Tb   13   13   NR             6.23456842e-08             3.05632275e-05
   66  Dy   13    1   NR             2.86160851e+01             8.01747036e+00
   66  Dy   13    2   NR            -2.47925053e+01             7.11729431e+00
   66  Dy   13    3   NR             3.62152267e+00             1.12317216e+00
   66  Dy   13    4   NR            -1.91933393e+00             3.19273382e-01
   66  Dy   13    5   NR             2.40786004e+00             1.72331184e-01
   66  Dy   13    6   NR            -1.60031533e+00             5.07913977e-02
   66  Dy   13    7   NR             1.76675212e+00             2.66891848e-02
   66  Dy   13    8   NR            -9.71049130e-01             1.63539816e-02
   66  Dy   13    9   NR             2.00369462e-01             9.28797480e-03
   66  Dy   13   10   NR            -6.93122903e-03             3.01818131e-03
   66  Dy   13   11   NR             3.64103966e-04             8.76231934e-04
   66  Dy   13   12   NR             9.65139861e-06             2.29705081e-04
   66  Dy   13   13   NR             1.12254073e-08             1.45427584e-05
   67  Ho   13    1   NR             2.85282269e+01             7.89019680e+00
   67  Ho   13    2   NR            -2.47625103e+01             7.03636456e+00
   67  Ho   13    3   NR             3.51778173e+00             1.08319998e+00
   67  Ho   13    4   NR            -1.46810305e+00             3.34609151e-01
   67  Ho   13    5   NR             2.03252530e+00             1.52501628e-01
   67  Ho   13    6   NR            -1.43364704e+00             5.24566583e-02
   67  Ho   13    7   NR             1.59383464e+00             2.40513571e-02
   67  Ho   13    8   NR            -1.08128548e+00             1.53381210e-02
   67  Ho   13    9   NR             2.59256303e-01             9.45265032e-03
   67  Ho   13   10   NR            -6.30198326e-03             2.85251252e-03
   67  Ho   13   11   NR             3.66917229e-04             8.60259461e-04
   67  Ho   13   12   NR             9.73211991e-06             2.22764982e-04
   67  Ho   13   13   NR             1.15251657e-08             1.41082155e-05
   68  Er   13    1   NR             2.85616798e+01             7.76277924e+00
   68  Er   13    2   NR            -2.48577366e+01             6.95482349e+00
   68  Er   13    3   NR             3.38936949e+00             1.05218744e+00
   68  Er   13    4   NR            -1.31757939e+00             3.25386882e-01
   68  Er   13    5   NR             1.90350664e+00             1.45616591e-01
   68  Er   13    6   NR            -1.37968695e+00             5.00422120e-02
   68  Er   13    7   NR             1.55628467e+00             2.30214801e-02
   68  Er   13    8   NR            -1.06835032e+00             1.47078065e-02
   68  Er   13    9   NR             2.61047751e-01             9.14343819e-03
   68  Er   13   10   NR            -6.25104457e-03             2.77935830e-03
   68  Er   13   11   NR             3.49596405e-04             8.27537267e-04
   68  Er   13   12   NR             9.27447672e-06             2.12450846e-04
   68  Er   13   13   NR             1.14986660e-08             1.35348482e-05
   69  Tm   13    1   NR             2.41749420e+01             7.70813608e+00
   69  Tm   13    2   NR            -2.05375214e+01             6.78933430e+00
   69  Tm   13    3   NR             3.25351286e+00             1.02809131e+00
   69  Tm   13    4   NR            -1.20255446e+00             3.08053017e-01
   69  Tm   13    5   NR             1.82776451e+00             1.40474349e-01
   69  Tm   13    6   NR            -1.30812252e+00             4.80540507e-02
   69  Tm   13    7   NR             1.55517662e+00             2.17270367e-02
   69  Tm   13    8   NR            -1.10977459e+00             1.42428437e-02
   69  Tm   13    9   NR             2.62258947e-01             8.86125863e-03
   69  Tm   13   10   NR            -6.14821399e-03             2.70083384e-03
   69  Tm   13   11   NR             3.34833370e-04             7.97669345e-04
   69  Tm   13   12   NR             8.87384431e-06             2.02818250e-04
   69  Tm   13   13   NR             1.13212897e-08             1.29157352e-05
   70  Yb   13    1   NR             2.38134308e+01             7.59186792e+00
   70  Yb   13    2   NR            -2.02356281e+01             6.70617342e+00
   70  Yb   13    3   NR             3.13662267e+00             1.00084603e+00
   70  Yb   13    4   NR            -1.08233035e+00             2.97512174e-01
   70  Yb   13    5   NR             1.73039687e+00             1.34655312e-01
   70  Yb   13    6   NR            -1.24953938e+00             4.61727828e-02
   70  Yb   13    7   NR             1.48809338e+00             2.07603034e-02
   70  Yb   13    8   NR            -1.11262321e+00             1.34589849e-02
   70  Yb   13    9   NR             2.98624903e-01             8.76327697e-03
   70  Yb   13   10   NR            -5.86709147e-03             2.59585329e-03
   70  Yb   13   11   NR             3.28884897e-04             7.76341127e-04
   70  Yb   13   12   NR             8.67799099e-06             1.94658613e-04
   70  Yb   13   13   NR             1.07141727e-08             1.20979712e-05
   71  Lu   13    1   NR             9.13723660e+00             7.12551212e+00
   71  Lu   13    2   NR            -5.23848009e+00             4.99870586e+00
   71  Lu   13    3   NR             3.09881163e+00             8.31698358e-01
   71  Lu   13    4   NR            -1.29524636e+00             3.21736395e-01
   71  Lu   13    5   NR             1.68363452e+00             1.24834575e-01
   71  Lu   13    6   NR            -1.22994196e+00             4.59854379e-02
   71  Lu   13    7   NR             1.52914178e+00             1.93319675e-02
   71  Lu   13    8   NR            -1.21203041e+00             1.31682232e-02
   71  Lu   13    9   NR             2.96015084e-01             8.48101266e-03
   71  Lu   13   10   NR            -5.83612360e-03             2.53669638e-03
   71  Lu   13   11   NR             3.10761039e-04             7.44863879e-04
   71  Lu   13   12   NR             8.22847051e-06             1.85632191e-04
   71  Lu   13   13   NR             1.10011094e-08             1.17596273e-05
   72  Hf   13    1   NR             1.01339798e+01             6.22192907e+00
   72  Hf   13    2   NR            -6.04327583e+00             4.93203974e+00
   72  Hf   13    3   NR             3.23872852e+00             6.89979613e-01
   72  Hf   13    4   NR            -1.69132900e+00             3.45762819e-01
   72  Hf   13    5   NR             1.67988670e+00             1.14093252e-01
   72  Hf   13    6   NR            -1.26294267e+00             4.61703129e-02
   72  Hf   13    7   NR             1.43494821e+00             1.85017064e-02
   72  Hf   13    8   NR            -1.17389846e+00             1.25094987e-02
   72  Hf   13    9   NR             3.08581412e-01             8.21737293e-03
   72  Hf   13   10   NR            -6.03886461e-03             2.52272538e-03
   72  Hf   13   11   NR             2.78794498e-04             6.98677963e-04
   72  Hf   13   12   NR             7.18594356e-06             1.72112661e-04
   72  Hf   13   13   NR             1.00160662e-08             1.08586410e-05
   73  Ta   13    1   NR             1.31955338e+01             5.65457296e+00
   73  Ta   13    2   NR            -9.04270649e+00             5.05346584e+00
   73  Ta   13    3   NR             2.73160768e+00             6.55402422e-01
   73  Ta   13    4   NR            -1.60616815e+00             2.75534898e-01
   73  Ta   13    5   NR             1.84179401e+00             1.16485730e-01
   73  Ta   13    6   NR            -1.22815573e+00             4.35447879e-02
   73  Ta   13    7   NR             1.31740606e+00             1.82691608e-02
   73  Ta   13    8   NR            -1.10975826e+00             1.16135748e-02
   73  Ta   13    9   NR             3.74557436e-01             8.16121046e-03
   73  Ta   13   10   NR            -5.83617436e-03             2.43958086e-03
   73  Ta   13   11   NR             2.70432705e-04             6.77580771e-04
   73  Ta   13   12   NR             7.01738736e-06             1.65484133e-04
   73  Ta   13   13   NR             1.00923403e-08             1.04683404e-05
   74   W   13    1   NR             9.26429081e+00             5.51482773e+00
   74   W   13    2   NR            -5.15115786e+00             4.97355556e+00
   74   W   13    3   NR             2.24985623e+00             6.77259207e-01
   74   W   13    4   NR            -4.18249512e+00             1.70905337e-01
   74   W   13    5   NR             4.77529287e+00             1.35707274e-01
   74   W   13    6   NR            -1.13523793e+00             4.30749021e-02
   74   W   13    7   NR             1.59146261e+00             1.62408426e-02
   74   W   13    8   NR            -1.51143754e+00             1.16243428e-02
   74   W   13    9   NR             4.29011375e-01             8.14783666e-03
   74   W   13   10   NR            -5.37403161e-03             2.32111593e-03
   74   W   13   11   NR             2.70226330e-04             6.64353371e-04
   74   W   13   12   NR             7.01027557e-06             1.60169613e-04
   74   W   13   13   NR             1.01593187e-08             1.00812367e-05
   75  Re   13    1   NR             3.97308111e+00             5.61187363e+00
   75  Re   13    2   NR             1.68963170e+00             7.72782147e-01
   75  Re   13    3   NR             2.29320383e+00             2.93069810e-01
   75  Re   13    4   NR            -5.44324970e+00             1.99165776e-01
   75  Re   13    5   NR             4.20489073e+00             1.37150273e-01
   75  Re   13    6   NR            -1.13606143e+00             3.88214923e-02
   75  Re   13    7   NR             1.44244814e+00             1.66982338e-02
   75  Re   13    8   NR            -1.19031453e+00             1.12380795e-02
   75  Re   13    9   NR             3.34091365e-01             7.60871591e-03
   75  Re   13   10   NR            -5.55314915e-03             2.29282840e-03
   75  Re   13   11   NR             2.54269078e-04             6.38033787e-04
   75  Re   13   12   NR             6.74821740e-06             1.53703091e-04
   75  Re   13   13   NR             1.08385958e-08             9.96918334e-06
   76  Os   13    1   NR             3.63335609e+00             5.31021500e+00
   76  Os   13    2   NR             9.77647960e-01             1.22801018e+00
   76  Os   13    3   NR             1.91260290e+00             4.60565686e-01
   76  Os   13    4   NR            -2.47154212e+00             1.98056608e-01
   76  Os   13    5   NR             2.60283971e+00             1.13929674e-01
   76  Os   13    6   NR            -1.19473410e+00             3.92997749e-02
   76  Os   13    7   NR             1.36008358e+00             1.61308311e-02
   76  Os   13    8   NR            -1.10970783e+00             1.08476235e-02
   76  Os   13    9   NR             3.01959306e-01             7.21917115e-03
   76  Os   13   10   NR            -5.96721563e-03             2.30772281e-03
   76  Os   13   11   NR             2.23410141e-04             5.92892466e-04
   76  Os   13   12   NR             5.72611816e-06             1.41287383e-04
   76  Os   13   13   NR             1.01678852e-08             9.33670890e-06
   77  Ir   13    1   NR             3.31337237e+00             5.07826757e+00
   77  Ir   13    2   NR             1.18050778e+00             1.33616567e+00
   77  Ir   13    3   NR             1.85070300e+00             4.52596635e-01
   77  Ir   13    4   NR            -2.24051380e+00             1.91502795e-01
   77  Ir   13    5   NR             2.48758745e+00             1.04163118e-01
   77  Ir   13    6   NR            -1.23886752e+00             3.94873694e-02
   77  Ir   13    7   NR             1.36103332e+00             1.53007805e-02
   77  Ir   13    8   NR            -1.16949165e+00             1.04763266e-02
   77  Ir   13    9   NR             3.24767232e-01             7.09821144e-03
   77  Ir   13   10   NR            -5.68051497e-03             2.21836916e-03
   77  Ir   13   11   NR             2.22656468e-04             5.83380694e-04
   77  Ir   13   12   NR             5.90109084e-06             1.38133386e-04
   77  Ir   13   13   NR             1.01007469e-08             8.94151799e-06
   78  Pt   13    1   NR             2.01539588e+00             5.25641489e+00
   78  Pt   13    2   NR             1.74118364e+00             1.82396698e+00
   78  Pt   13    3   NR             1.66806531e+00             5.94315171e-01
   78  Pt   13    4   NR            -3.44272900e+00             1.39892861e-01
   78  Pt   13    5   NR             4.27624178e+00             1.05107062e-01
   78  Pt   13    6   NR            -1.29444134e+00             4.10297960e-02
   78  Pt   13    7   NR             1.38450515e+00             1.41313449e-02
   78  Pt   13    8   NR            -1.36578381e+00             9.96040180e-03
   78  Pt   13    9   NR             4.29551810e-01             7.15358183e-03
   78  Pt   13   10   NR            -5.42083615e-03             2.14519841e-03
   78  Pt   13   11   NR             2.13996842e-04             5.63909067e-04
   78  Pt   13   12   NR             5.69515760e-06             1.32422676e-04
   78  Pt   13   13   NR             1.02089803e-08             8.62948309e-06
   79  Au   13    1   NR             1.79880023e+00             5.12706804e+00
   79  Au   13    2   NR             1.86455894e+00             1.73435545e+00
   79  Au   13    3   NR             1.65541255e+00             5.87971330e-01
   79  Au   13    4   NR            -3.65535212e+00             1.31868958e-01
   79  Au   13    5   NR             4.56075907e+00             9.97576043e-02
   79  Au   13    6   NR            -1.35976052e+00             4.08192053e-02
   79  Au   13    7   NR             1.43438685e+00             1.34621877e-02
   79  Au   13    8   NR            -1.42375517e+00             9.73237399e-03
   79  Au   13    9   NR             4.19431567e-01             6.93003926e-03
   79  Au   13   10   NR            -5.38319536e-03             2.09789420e-03
   79  Au   13   11   NR             2.02870535e-04             5.42291848e-04
   79  Au   13   12   NR             5.41956206e-06             1.26264757e-04
   79  Au   13   13   NR             1.00000142e-08             8.22096990e-06
   80  Hg   13    1   NR             2.58190227e+00             4.56353617e+00
   80  Hg   13    2   NR             1.65773523e+00             1.26701200e+00
   80  Hg   13    3   NR             1.53276372e+00             4.52050060e-01
   80  Hg   13    4   NR            -2.16094279e+00             1.53122529e-01
   80  Hg   13    5   NR             2.90019107e+00             8.62518400e-02
   80  Hg   13    6   NR            -1.46539998e+00             3.96324955e-02
   80  Hg   13    7   NR             1.36649776e+00             1.33486269e-02
   80  Hg   13    8   NR            -1.24517000e+00             9.56634246e-03
   80  Hg   13    9   NR             3.23915064e-01             6.48444332e-03
   80  Hg   13   10   NR            -5.65442536e-03             2.08548852e-03
   80  Hg   13   11   NR             1.87633661e-04             5.16422791e-04
   80  Hg   13   12   NR             5.05133448e-06             1.19800949e-04
   80  Hg   13   13   NR             1.02348121e-08             7.99280497e-06
   81  Tl   13    1   NR             2.28332376e+00             9.18294716e+00
   81  Tl   13    2   NR             1.92304647e+00             2.61300826e+00
   81  Tl   13    3   NR             2.13702655e+00             6.14053428e-01
   81  Tl   13    4   NR            -4.06751537e+00             1.10956885e-01
   81  Tl   13    5   NR             5.61989021e+00             8.32396522e-02
   81  Tl   13    6   NR            -1.97703588e+00             4.33848500e-02
   81  Tl   13    7   NR             1.28126967e+00             1.26122031e-02
   81  Tl   13    8   NR            -1.28520417e+00             8.99018068e-03
   81  Tl   13    9   NR             3.96825671e-01             6.42274506e-03
   81  Tl   13   10   NR            -5.80020715e-03             2.06461805e-03
   81  Tl   13   11   NR             1.73006309e-04             4.90869279e-04
   81  Tl   13   12   NR             4.67408654e-06             1.13256239e-04
   81  Tl   13   13   NR             1.00756710e-08             7.63739081e-06
   82  Pb   13    1   NR             3.39150119e+00             6.99254274e+00
   82  Pb   13    2   NR             1.23459423e+00             2.24993205e+00
   82  Pb   13    3   NR             2.17240024e+00             5.40414333e-01
   82  Pb   13    4   NR            -3.60573006e+00             1.13586538e-01
   82  Pb   13    5   NR             4.95284748e+00             8.00161213e-02
   82  Pb   13    6   NR            -1.91151285e+00             4.11266163e-02
   82  Pb   13    7   NR             1.22782254e+00             1.24191828e-02
   82  Pb   13    8   NR            -1.22046423e+00             8.66692886e-03
   82  Pb   13    9   NR             3.96615893e-01             6.24507898e-03
   82  Pb   13   10   NR            -5.67975827e-03             2.00989400e-03
   82  Pb   13   11   NR             1.65742240e-04             4.74189728e-04
   82  Pb   13   12   NR             4.51006144e-06             1.08527180e-04
   82  Pb   13   13   NR             1.00795159e-08             7.34085188e-06
   83  Bi   13    1   NR             3.89467692e+00             5.65816545e+00
   83  Bi   13    2   NR             9.01369631e-01             2.63569784e+00
   83  Bi   13    3   NR             2.29554152e+00             4.71152544e-01
   83  Bi   13    4   NR            -2.79585886e+00             1.21644609e-01
   83  Bi   13    5   NR             4.03755236e+00             7.31494799e-02
   83  Bi   13    6   NR            -2.00321722e+00             3.95372584e-02
   83  Bi   13    7   NR             1.29879451e+00             1.21733947e-02
   83  Bi   13    8   NR            -1.13116217e+00             8.83940700e-03
   83  Bi   13    9   NR             2.53425241e-01             5.70001593e-03
   83  Bi   13   10   NR            -6.17235852e-03             2.01306166e-03
   83  Bi   13   11   NR             1.52400491e-04             4.50363412e-04
   83  Bi   13   12   NR             4.18732179e-06             1.02906270e-04
   83  Bi   13   13   NR             1.04657651e-08             7.17480907e-06
   84  Po   13    1   NR             2.80115557e+00             4.96877289e+00
   84  Po   13    2   NR             2.23814201e+00             3.64369535e+00
   84  Po   13    3   NR             4.72938013e+00             3.08710694e-01
   84  Po   13    4   NR            -4.05496025e+00             2.06902891e-01
   84  Po   13    5   NR             3.03410459e+00             5.64653799e-02
   84  Po   13    6   NR            -2.63642454e+00             3.55500691e-02
   84  Po   13    7   NR             9.86686707e-01             1.52660673e-02
   84  Po   13    8   NR            -4.61583704e-01             7.96662923e-03
   84  Po   13    9   NR             1.38089269e-01             4.65375651e-03
   84  Po   13   10   NR            -1.17251342e-02             2.28273473e-03
   84  Po   13   11   NR             1.21515674e-04             3.99675977e-04
   84  Po   13   12   NR             3.13506348e-06             9.07251597e-05
   84  Po   13   13   NR             1.00805089e-08             6.82730752e-06
   85  At   13    1   NR             4.18888187e+00             4.08132219e+00
   85  At   13    2   NR             1.54313087e+00             2.40503693e+00
   85  At   13    3   NR            -1.38512921e+00             8.53935122e-01
   85  At   13    4   NR             3.17666507e+00             3.96159410e-01
   85  At   13    5   NR            -2.54575825e+00             1.30225703e-01
   85  At   13    6   NR             3.47511029e+00             6.20533451e-02
   85  At   13    7   NR            -2.51183963e+00             3.33049223e-02
   85  At   13    8   NR             9.90276933e-01             1.72918160e-02
   85  At   13    9   NR            -4.06927705e-01             5.94890025e-03
   85  At   13   10   NR             3.26598078e-01             4.15842934e-03
   85  At   13   11   NR            -8.90234113e-02             3.10906698e-03
   85  At   13   12   NR             7.57874514e-05             2.91005417e-04
   85  At   13   13   NR             1.72258012e-07             1.97219269e-05
   86  Rn   13    1   NR             4.24363375e+00             3.60422421e+00
   86  Rn   13    2   NR             1.90000033e+00             2.17437863e+00
   86  Rn   13    3   NR            -1.90874410e+00             7.85636365e-01
   86  Rn   13    4   NR             3.64258599e+00             3.48547876e-01
   86  Rn   13    5   NR            -2.79533243e+00             1.33795381e-01
   86  Rn   13    6   NR             3.83462286e+00             5.65489493e-02
   86  Rn   13    7   NR            -2.94192767e+00             3.39247957e-02
   86  Rn   13    8   NR             9.42427754e-01             1.66147500e-02
   86  Rn   13    9   NR            -4.08890575e-01             5.77453850e-03
   86  Rn   13   10   NR             3.30045551e-01             4.05407185e-03
   86  Rn   13   11   NR            -9.00762156e-02             3.04013211e-03
   86  Rn   13   12   NR             7.20823373e-05             2.79487285e-04
   86  Rn   13   13   NR             1.66752002e-07             1.87431651e-05
   87  Fr   15    1   NR             3.71868935e+01             1.24884453e+01
   87  Fr   15    2   NR            -3.47197037e+01             1.11569948e+01
   87  Fr   15    3   NR             6.24765253e+00             2.71668625e+00
   87  Fr   15    4   NR            -3.88813877e+00             4.97755408e-01
   87  Fr   15    5   NR             6.37964153e+00             3.26415807e-01
   87  Fr   15    6   NR            -3.66740179e+00             1.37794495e-01
   87  Fr   15    7   NR             3.35591340e+00             5.95707856e-02
   87  Fr   15    8   NR            -2.15894222e+00             3.12666707e-02
   87  Fr   15    9   NR             1.01718080e+00             1.34638026e-02
   87  Fr   15   10   NR            -5.10598123e-01             7.57741742e-03
   87  Fr   15   11   NR             1.30762696e-01             4.32992773e-03
   87  Fr   15   12   NR            -1.02855423e-02             2.08253763e-03
   87  Fr   15   13   NR             1.06689142e-04             3.59551777e-04
   87  Fr   15   14   NR             2.82287442e-06             7.98998808e-05
   87  Fr   15   15   NR             1.04397051e-08             6.13998964e-06
   88  Ra   15    1   NR             4.36627731e+01             9.30970383e+00
   88  Ra   15    2   NR            -3.91787376e+01             8.25403595e+00
   88  Ra   15    3   NR             6.27581263e+00             1.82059276e+00
   88  Ra   15    4   NR            -5.05452108e+00             5.56198239e-01
   88  Ra   15    5   NR             5.90463066e+00             3.31466168e-01
   88  Ra   15    6   NR            -5.51644516e+00             1.02425963e-01
   88  Ra   15    7   NR             5.48119831e+00             6.82258978e-02
   88  Ra   15    8   NR            -1.94150364e+00             2.92341486e-02
   88  Ra   15    9   NR             1.03010333e+00             1.32272383e-02
   88  Ra   15   10   NR            -4.98661578e-01             7.32048508e-03
   88  Ra   15   11   NR             1.31691039e-01             4.22672415e-03
   88  Ra   15   12   NR            -1.01955608e-02             2.03672471e-03
   88  Ra   15   13   NR             1.00933044e-04             3.44944419e-04
   88  Ra   15   14   NR             2.66734446e-06             7.60056646e-05
   88  Ra   15   15   NR             1.04992726e-08             5.91571552e-06
   89  Ac   15    1   NR             4.06593704e+01             7.88084698e+00
   89  Ac   15    2   NR            -3.50985527e+01             7.07145214e+00
   89  Ac   15    3   NR             7.15548420e+00             1.29009104e+00
   89  Ac   15    4   NR            -5.64996386e+00             6.50260389e-01
   89  Ac   15    5   NR             4.95821762e+00             2.73392588e-01
   89  Ac   15    6   NR            -6.68646526e+00             9.90069583e-02
   89  Ac   15    7   NR             6.26405430e+00             6.74458519e-02
   89  Ac   15    8   NR            -1.96279109e+00             2.85815448e-02
   89  Ac   15    9   NR             1.02859902e+00             1.27305202e-02
   89  Ac   15   10   NR            -5.09757876e-01             7.16517819e-03
   89  Ac   15   11   NR             1.30764544e-01             4.13385872e-03
   89  Ac   15   12   NR            -9.79241077e-03             1.97862461e-03
   89  Ac   15   13   NR             9.62734630e-05             3.32354597e-04
   89  Ac   15   14   NR             2.55803275e-06             7.26403741e-05
   89  Ac   15   15   NR             1.05027844e-08             5.68464066e-06
   90  Th   15    1   NR             2.84797668e+01             7.04880238e+00
   90  Th   15    2   NR            -2.23420792e+01             6.21344423e+00
   90  Th   15    3   NR             7.22713757e+00             1.05224371e+00
   90  Th   15    4   NR            -6.92485666e+00             5.79705954e-01
   90  Th   15    5   NR             5.69007921e+00             2.57868618e-01
   90  Th   15    6   NR            -7.05638504e+00             9.61856842e-02
   90  Th   15    7   NR             6.43301535e+00             6.46798089e-02
   90  Th   15    8   NR            -2.05724764e+00             2.77335811e-02
   90  Th   15    9   NR             1.04371703e+00             1.26002925e-02
   90  Th   15   10   NR            -4.78898615e-01             7.04041170e-03
   90  Th   15   11   NR             1.15569554e-01             3.87068605e-03
   90  Th   15   12   NR            -1.14201643e-02             1.99585711e-03
   90  Th   15   13   NR             8.84464316e-05             3.13781668e-04
   90  Th   15   14   NR             2.27215105e-06             6.74415060e-05
   90  Th   15   15   NR             1.00022097e-08             5.35751815e-06
   91  Pa   15    1   NR             3.43600616e+01             7.48897839e+00
   91  Pa   15    2   NR            -2.90713310e+01             6.71839905e+00
   91  Pa   15    3   NR             5.42006063e+00             1.27400613e+00
   91  Pa   15    4   NR            -2.42391815e+01             3.69374812e-01
   91  Pa   15    5   NR             2.47256317e+01             3.30233008e-01
   91  Pa   15    6   NR            -6.14787340e+00             8.49577934e-02
   91  Pa   15    7   NR             6.87466335e+00             5.68160526e-02
   91  Pa   15    8   NR            -2.65425062e+00             2.99185961e-02
   91  Pa   15    9   NR             9.34475899e-01             1.19981356e-02
   91  Pa   15   10   NR            -4.72880125e-01             6.65603438e-03
   91  Pa   15   11   NR             1.29441217e-01             3.88546078e-03
   91  Pa   15   12   NR            -1.04955053e-02             1.92871445e-03
   91  Pa   15   13   NR             8.39922577e-05             3.01531196e-04
   91  Pa   15   14   NR             2.16031185e-06             6.42468804e-05
   91  Pa   15   15   NR             1.00006146e-08             5.13853956e-06
   92   U   15    1   NR             3.18099098e+01             7.36182737e+00
   92   U   15    2   NR            -2.66350307e+01             6.59782410e+00
   92   U   15    3   NR             5.73285198e+00             1.18124533e+00
   92   U   15    4   NR            -4.06057072e+00             5.01545310e-01
   92   U   15    5   NR             4.58384371e+00             2.23967955e-01
   92   U   15    6   NR            -6.80065012e+00             8.41182992e-02
   92   U   15    7   NR             7.06197548e+00             5.57582602e-02
   92   U   15    8   NR            -2.62283850e+00             2.89496854e-02
   92   U   15    9   NR             8.80874455e-01             1.18858851e-02
   92   U   15   10   NR            -5.49546182e-01             5.84404496e-03
   92   U   15   11   NR             2.58105874e-01             4.31206776e-03
   92   U   15   12   NR            -7.32654519e-03             1.76061387e-03
   92   U   15   13   NR             8.49738790e-05             3.00060346e-04
   92   U   15   14   NR             2.33771925e-06             6.42322848e-05
   92   U   15   15   NR             1.06848068e-08             5.06513425e-06
   93  Np   15    1   NR             2.95258236e+01             7.24226856e+00
   93  Np   15    2   NR            -2.44830189e+01             6.47424936e+00
   93  Np   15    3   NR             5.57080030e+00             1.13813436e+00
   93  Np   15    4   NR            -3.60430861e+00             4.87618297e-01
   93  Np   15    5   NR             4.24553347e+00             2.06968158e-01
   93  Np   15    6   NR            -6.22427034e+00             8.13571885e-02
   93  Np   15    7   NR             7.05916500e+00             5.06963544e-02
   93  Np   15    8   NR            -3.17515612e+00             2.95432210e-02
   93  Np   15    9   NR             8.94811451e-01             1.12772053e-02
   93  Np   15   10   NR            -4.67023283e-01             6.23813737e-03
   93  Np   15   11   NR             1.34323657e-01             3.75172147e-03
   93  Np   15   12   NR            -9.58813075e-03             1.82163343e-03
   93  Np   15   13   NR             7.57233793e-05             2.78352178e-04
   93  Np   15   14   NR             1.94868721e-06             5.82354223e-05
   93  Np   15   15   NR             1.00001696e-08             4.73294676e-06
   94  Pu   15    1   NR             3.21528664e+01             7.96478224e+00
   94  Pu   15    2   NR            -2.79513683e+01             7.17701674e+00
   94  Pu   15    3   NR             4.98298120e+00             1.35042715e+00
   94  Pu   15    4   NR            -2.19708920e+00             3.96697760e-01
   94  Pu   15    5   NR             4.54845667e+00             1.79845959e-01
   94  Pu   15    6   NR            -5.50766468e+00             8.80128443e-02
   94  Pu   15    7   NR             5.84120178e+00             4.61669154e-02
   94  Pu   15    8   NR            -3.27536845e+00             2.85775475e-02
   94  Pu   15    9   NR             9.96061683e-01             1.05503891e-02
   94  Pu   15   10   NR            -5.46129227e-01             6.60030637e-03
   94  Pu   15   11   NR             1.03071496e-01             3.50911915e-03
   94  Pu   15   12   NR            -9.28066019e-03             1.76196278e-03
   94  Pu   15   13   NR             7.45010548e-05             2.73697835e-04
   94  Pu   15   14   NR             2.04463731e-06             5.74431288e-05
   94  Pu   15   15   NR             1.00280184e-08             4.53906205e-06
   95  Am   15    1   NR             3.07988873e+01             7.83656025e+00
   95  Am   15    2   NR            -2.67100544e+01             7.06561041e+00
   95  Am   15    3   NR             4.86119318e+00             1.29613066e+00
   95  Am   15    4   NR            -1.71695840e+00             3.99377108e-01
   95  Am   15    5   NR             5.11296415e+00             1.53797179e-01
   95  Am   15    6   NR            -6.29284096e+00             9.05969366e-02
   95  Am   15    7   NR             4.90249586e+00             4.57858704e-02
   95  Am   15    8   NR            -2.77946472e+00             2.47888789e-02
   95  Am   15    9   NR             1.03631151e+00             1.19534442e-02
   95  Am   15   10   NR            -3.65866750e-01             5.82007552e-03
   95  Am   15   11   NR             1.11243755e-01             3.37152625e-03
   95  Am   15   12   NR            -1.14764348e-02             1.80298532e-03
   95  Am   15   13   NR             6.63894534e-05             2.53147387e-04
   95  Am   15   14   NR             1.67470114e-06             5.18635097e-05
   95  Am   15   15   NR             9.99999994e-09             4.36620076e-06
   96  Cm   15    1   NR             1.00877934e+01             7.51223755e+00
   96  Cm   15    2   NR            -5.55004311e+00             5.09709120e+00
   96  Cm   15    3   NR             4.67322683e+00             1.10863400e+00
   96  Cm   15    4   NR            -2.52519798e+00             3.60641807e-01
   96  Cm   15    5   NR             3.89320087e+00             1.80609480e-01
   96  Cm   15    6   NR            -6.61306620e+00             6.90122247e-02
   96  Cm   15    7   NR             8.08698750e+00             4.49381843e-02
   96  Cm   15    8   NR            -3.65267253e+00             2.74918601e-02
   96  Cm   15    9   NR             9.16204095e-01             1.04094790e-02
   96  Cm   15   10   NR            -4.56212014e-01             5.98333217e-03
   96  Cm   15   11   NR             1.08525075e-01             3.38159595e-03
   96  Cm   15   12   NR            -8.85201432e-03             1.68090616e-03
   96  Cm   15   13   NR             6.63824467e-05             2.51284888e-04
   96  Cm   15   14   NR             1.82632903e-06             5.18687448e-05
   96  Cm   15   15   NR             1.00088808e-08             4.17748743e-06
   97  Bk   15    1   NR             2.05605755e+01             7.72278070e+00
   97  Bk   15    2   NR            -1.67079258e+01             6.65415287e+00
   97  Bk   15    3   NR             4.48696423e+00             1.23048782e+00
   97  Bk   15    4   NR            -1.31294031e+01             2.33650416e-01
   97  Bk   15    5   NR             1.48205509e+01             2.11406752e-01
   97  Bk   15    6   NR            -4.19379902e+00             7.24175423e-02
   97  Bk   15    7   NR             1.61286068e+01             3.42177711e-02
   97  Bk   15    8   NR            -1.39647150e+01             3.01306751e-02
   97  Bk   15    9   NR             8.89481723e-01             1.05796475e-02
   97  Bk   15   10   NR            -3.94703120e-01             5.67678688e-03
   97  Bk   15   11   NR             1.05387814e-01             3.25084245e-03
   97  Bk   15   12   NR            -9.42335557e-03             1.66708522e-03
   97  Bk   15   13   NR             6.20269202e-05             2.39376735e-04
   97  Bk   15   14   NR             1.69449345e-06             4.89874910e-05
   97  Bk   15   15   NR             1.00229585e-08             4.00222689e-06
   98  Cf   15    1   NR             2.21667290e+01             7.54770803e+00
   98  Cf   15    2   NR            -1.83938751e+01             6.62548399e+00
   98  Cf   15    3   NR             4.36292696e+00             1.18443036e+00
   98  Cf   15    4   NR            -2.23714304e+00             2.63734341e-01
   98  Cf   15    5   NR             4.04387426e+00             1.69343755e-01
   98  Cf   15    6   NR            -5.10601139e+00             6.68658540e-02
   98  Cf   15    7   NR             7.24193668e+00             3.87528948e-02
   98  Cf   15    8   NR            -4.27522564e+00             2.58250702e-02
   98  Cf   15    9   NR             9.24752474e-01             1.04016243e-02
   98  Cf   15   10   NR            -3.91508251e-01             5.59846126e-03
   98  Cf   15   11   NR             9.91018042e-02             3.16139148e-03
   98  Cf   15   12   NR            -8.75552557e-03             1.60844449e-03
   98  Cf   15   13   NR             6.01053980e-05             2.33380837e-04
   98  Cf   15   14   NR             1.72514694e-06             4.78554612e-05
   98  Cf   15   15   NR             1.02310382e-08             3.86786814e-06
   99  Es   15    1   NR             2.34900284e+01             7.38825512e+00
   99  Es   15    2   NR            -1.97987022e+01             6.57441616e+00
   99  Es   15    3   NR             4.21961498e+00             1.14756739e+00
   99  Es   15    4   NR            -1.58882451e+00             2.50405610e-01
   99  Es   15    5   NR             3.76726365e+00             1.48589611e-01
   99  Es   15    6   NR            -5.87769032e+00             6.59248084e-02
   99  Es   15    7   NR             6.08101034e+00             4.15980518e-02
   99  Es   15    8   NR            -2.79243803e+00             2.19346322e-02
   99  Es   15    9   NR             1.07311285e+00             1.05521157e-02
   99  Es   15   10   NR            -3.83844256e-01             5.60818054e-03
   99  Es   15   11   NR             8.63669068e-02             3.04980646e-03
   99  Es   15   12   NR            -7.56053161e-03             1.52041018e-03
   99  Es   15   13   NR             6.18687118e-05             2.36831169e-04
   99  Es   15   14   NR             2.01841249e-06             4.90114253e-05
   99  Es   15   15   NR             1.01155662e-08             3.67665598e-06
  100  Fm   15    1   NR             2.53763847e+01             7.22894287e+00
  100  Fm   15    2   NR            -2.17629128e+01             6.52496004e+00
  100  Fm   15    3   NR             4.07915926e+00             1.11344063e+00
  100  Fm   15    4   NR            -2.44959092e+00             2.05740377e-01
  100  Fm   15    5   NR             4.58636475e+00             1.50431067e-01
  100  Fm   15    6   NR            -5.29185629e+00             6.42255917e-02
  100  Fm   15    7   NR             5.77876234e+00             3.87936793e-02
  100  Fm   15    8   NR            -3.00671434e+00             2.14394331e-02
  100  Fm   15    9   NR             1.08917761e+00             1.05154226e-02
  100  Fm   15   10   NR            -3.56145054e-01             5.44684846e-03
  100  Fm   15   11   NR             8.07252154e-02             2.91211600e-03
  100  Fm   15   12   NR            -8.14391766e-03             1.51265447e-03
  100  Fm   15   13   NR             5.73582256e-05             2.24807183e-04
  100  Fm   15   14   NR             1.86678392e-06             4.61874733e-05
  100  Fm   15   15   NR             9.99999994e-09             3.50748905e-06
  101  Md   15    1   NR             2.38715172e+01             7.12638330e+00
  101  Md   15    2   NR            -2.03274841e+01             6.42017555e+00
  101  Md   15    3   NR             3.96074271e+00             1.07600021e+00
  101  Md   15    4   NR            -4.41879654e+00             1.79703504e-01
  101  Md   15    5   NR             6.35309124e+00             1.53411865e-01
  101  Md   15    6   NR            -4.33654308e+00             6.17495403e-02
  101  Md   15    7   NR             1.59222164e+01             3.02351657e-02
  101  Md   15    8   NR            -1.36546230e+01             2.65493039e-02
  101  Md   15    9   NR             9.25602078e-01             9.47884098e-03
  101  Md   15   10   NR            -3.94358993e-01             5.48213255e-03
  101  Md   15   11   NR             7.48016164e-02             2.76037469e-03
  101  Md   15   12   NR            -9.46940575e-03             1.53015822e-03
  101  Md   15   13   NR             5.07662990e-05             2.06222539e-04
  101  Md   15   14   NR             1.51582242e-06             4.16814473e-05
  101  Md   15   15   NR             1.03902371e-08             3.42230260e-06
  102  No   15    1   NR             1.82186756e+01             7.10339928e+00
  102  No   15    2   NR            -1.47519541e+01             6.20736361e+00
  102  No   15    3   NR             3.84538794e+00             1.04555023e+00
  102  No   15    4   NR            -4.41248685e-01             2.07170814e-01
  102  No   15    5   NR             3.46590734e+00             1.07664533e-01
  102  No   15    6   NR            -5.92322779e+00             6.23463392e-02
  102  No   15    7   NR             6.28897142e+00             3.50044332e-02
  102  No   15    8   NR            -3.55799794e+00             2.17866600e-02
  102  No   15    9   NR             9.72460508e-01             9.59611218e-03
  102  No   15   10   NR            -3.68152946e-01             5.21140546e-03
  102  No   15   11   NR             8.01150650e-02             2.83638877e-03
  102  No   15   12   NR            -6.64398400e-03             1.39978132e-03
  102  No   15   13   NR             5.31661826e-05             2.12082858e-04
  102  No   15   14   NR             1.85182967e-06             4.33322239e-05
  102  No   15   15   NR             1.02139639e-08             3.23219183e-06
  103  Lr   15    1   NR             5.17631340e+00             1.41184750e+01
  103  Lr   15    2   NR             2.39677792e+01             2.36652136e+00
  103  Lr   15    3   NR            -3.29820595e+01             2.05795836e+00
  103  Lr   15    4   NR             1.26942749e+01             1.35519123e+00
  103  Lr   15    5   NR             7.92285061e+00             7.85062164e-02
  103  Lr   15    6   NR            -1.30345678e+01             6.04945421e-02
  103  Lr   15    7   NR             8.35632515e+00             3.75213809e-02
  103  Lr   15    8   NR            -3.28679633e+00             2.16240399e-02
  103  Lr   15    9   NR             9.35561121e-01             8.95316340e-03
  103  Lr   15   10   NR            -3.99593383e-01             5.28436620e-03
  103  Lr   15   11   NR             6.99070096e-02             2.63688480e-03
  103  Lr   15   12   NR            -8.35739449e-03             1.43901631e-03
  103  Lr   15   13   NR             4.59882904e-05             1.91491461e-04
  103  Lr   15   14   NR             1.43823911e-06             3.84348023e-05
  103  Lr   15   15   NR             1.03750386e-08             3.12360066e-06
  104  Rf   15    1   NR             5.22550583e+00             6.55641460e+00
  104  Rf   15    2   NR            -2.79252863e+00             1.65981472e+00
  104  Rf   15    3   NR             4.97626591e+00             1.00995588e+00
  104  Rf   15    4   NR             7.89196157e+00             7.30060413e-02
  104  Rf   15    5   NR            -1.56412840e+01             5.44503629e-02
  104  Rf   15    6   NR             1.35912390e+01             3.58234309e-02
  104  Rf   15    7   NR            -5.75398922e+00             2.48172861e-02
  104  Rf   15    8   NR             9.40732896e-01             7.74415396e-03
  104  Rf   15    9   NR            -1.77153245e-01             6.81130169e-03
  104  Rf   15   10   NR            -4.94436741e-01             4.68704617e-03
  104  Rf   15   11   NR             1.61153808e-01             3.20047629e-03
  104  Rf   15   12   NR            -3.72365210e-03             1.20060740e-03
  104  Rf   15   13   NR             5.14047206e-05             2.03654054e-04
  104  Rf   15   14   NR             1.86498551e-06             4.07071639e-05
  104  Rf   15   15   NR             1.01670743e-08             2.95238033e-06
  105  Db   15    1   NR             5.39372444e+00             5.62205744e+00
  105  Db   15    2   NR            -3.35982382e-01             3.40739489e+00
  105  Db   15    3   NR            -7.41050482e+00             1.17485011e+00
  105  Db   15    4   NR             9.66710377e+00             1.00562835e+00
  105  Db   15    5   NR             8.09845829e+00             7.07384869e-02
  105  Db   15    6   NR            -1.56055145e+01             5.35699651e-02
  105  Db   15    7   NR             1.08534231e+01             3.65986563e-02
  105  Db   15    8   NR            -3.46367455e+00             2.07084045e-02
  105  Db   15    9   NR             8.76969457e-01             8.87598284e-03
  105  Db   15   10   NR            -3.30166936e-01             4.75995708e-03
  105  Db   15   11   NR             7.52828196e-02             2.59182975e-03
  105  Db   15   12   NR            -7.23805092e-03             1.35552941e-03
  105  Db   15   13   NR             4.07324333e-05             1.74824789e-04
  105  Db   15   14   NR             1.27999260e-06             3.45901572e-05
  105  Db   15   15   NR             1.02964774e-08             2.84694784e-06
  106  Sg   15    1   NR             8.32970810e+00             4.76398802e+00
  106  Sg   15    2   NR            -3.47832727e+00             4.15856504e+00
  106  Sg   15    3   NR             1.04330797e+01             5.05543053e-01
  106  Sg   15    4   NR            -8.26675415e+00             4.53688979e-01
  106  Sg   15    5   NR             2.69428229e+00             9.36001390e-02
  106  Sg   15    6   NR            -7.46806192e+00             4.89393361e-02
  106  Sg   15    7   NR             7.48577166e+00             3.41946073e-02
  106  Sg   15    8   NR            -3.10379243e+00             1.71841998e-02
  106  Sg   15    9   NR             1.30974066e+00             9.85194556e-03
  106  Sg   15   10   NR            -2.80259937e-01             4.80566826e-03
  106  Sg   15   11   NR             5.63243069e-02             2.27732956e-03
  106  Sg   15   12   NR            -1.01236030e-02             1.38753664e-03
  106  Sg   15   13   NR             4.00315366e-05             1.74333472e-04
  106  Sg   15   14   NR             1.45939066e-06             3.50626069e-05
  106  Sg   15   15   NR             1.00121262e-08             2.68657914e-06
  107  Bh   15    1   NR             4.94147539e+00             4.49372149e+00
  107  Bh   15    2   NR            -8.67847726e-02             1.78425181e+00
  107  Bh   15    3   NR             2.42171645e+00             6.08784556e-01
  107  Bh   15    4   NR            -4.70741224e+00             1.29739925e-01
  107  Bh   15    5   NR             9.64042854e+00             1.02763250e-01
  107  Bh   15    6   NR            -6.34472990e+00             6.84858486e-02
  107  Bh   15    7   NR             5.23263693e+00             2.50843521e-02
  107  Bh   15    8   NR            -5.06213760e+00             1.70935430e-02
  107  Bh   15    9   NR             1.71898913e+00             1.04203988e-02
  107  Bh   15   10   NR            -2.45708182e-01             4.74410271e-03
  107  Bh   15   11   NR             7.34071657e-02             1.90382102e-03
  107  Bh   15   12   NR            -3.78665701e-02             1.56988925e-03
  107  Bh   15   13   NR             3.48650465e-05             1.57555303e-04
  107  Bh   15   14   NR             1.14246473e-06             3.11746153e-05
  107  Bh   15   15   NR             1.00795488e-08             2.57163924e-06
  108  Hs   15    1   NR             4.68151045e+00             4.06115437e+00
  108  Hs   15    2   NR             4.35165316e-01             1.59428525e+00
  108  Hs   15    3   NR             2.70626450e+00             4.85657632e-01
  108  Hs   15    4   NR            -1.15298617e+00             2.97275901e-01
  108  Hs   15    5   NR             2.67365313e+00             8.96619856e-02
  108  Hs   15    6   NR            -5.86787605e+00             4.76920865e-02
  108  Hs   15    7   NR             6.68765593e+00             2.92890724e-02
  108  Hs   15    8   NR            -3.78606820e+00             1.73462890e-02
  108  Hs   15    9   NR             1.21903872e+00             9.44968127e-03
  108  Hs   15   10   NR            -2.56559968e-01             4.49151080e-03
  108  Hs   15   11   NR             5.44828773e-02             2.21622060e-03
  108  Hs   15   12   NR            -8.22923426e-03             1.29196094e-03
  108  Hs   15   13   NR             3.66507884e-05             1.63921024e-04
  108  Hs   15   14   NR             1.46045579e-06             3.28972164e-05
  108  Hs   15   15   NR             1.00260182e-08             2.44758621e-06
  109  Mt   15    1   NR             3.94226861e+00             3.80625558e+00
  109  Mt   15    2   NR             1.03214061e+00             2.39020777e+00
  109  Mt   15    3   NR             1.80514765e+00             5.84918976e-01
  109  Mt   15    4   NR             6.77183390e+00             6.45892620e-02
  109  Mt   15    5   NR            -1.20734863e+01             4.83757518e-02
  109  Mt   15    6   NR             9.71277237e+00             2.97952369e-02
  109  Mt   15    7   NR            -4.32774162e+00             1.97575148e-02
  109  Mt   15    8   NR            -2.91374147e-01             1.41652608e-02
  109  Mt   15    9   NR             9.06328142e-01             8.33730772e-03
  109  Mt   15   10   NR            -2.95301378e-01             4.32113372e-03
  109  Mt   15   11   NR             6.66934252e-02             2.40304996e-03
  109  Mt   15   12   NR            -4.81273606e-03             1.15834968e-03
  109  Mt   15   13   NR             3.61275997e-05             1.61031130e-04
  109  Mt   15   14   NR             1.47747892e-06             3.19556893e-05
  109  Mt   15   15   NR             1.01042303e-08             2.34003164e-06
  110  Ds   15    1   NR             3.88453984e+00             3.49530602e+00
  110  Ds   15    2   NR             1.22403276e+00             1.88759530e+00
  110  Ds   15    3   NR             1.51932240e+00             5.51905870e-01
  110  Ds   15    4   NR             4.92270088e+00             6.71982318e-02
  110  Ds   15    5   NR            -9.94027710e+00             4.63992544e-02
  110  Ds   15    6   NR             8.05045033e+00             2.99961679e-02
  110  Ds   15    7   NR            -3.56280255e+00             1.65961720e-02
  110  Ds   15    8   NR             6.48845315e-01             1.06975865e-02
  110  Ds   15    9   NR             6.44181967e-01             7.56211579e-03
  110  Ds   15   10   NR            -3.17795902e-01             4.53333696e-03
  110  Ds   15   11   NR             4.87536900e-02             2.11939332e-03
  110  Ds   15   12   NR            -6.91903848e-03             1.21024274e-03
  110  Ds   15   13   NR             3.23751119e-05             1.49367217e-04
  110  Ds   15   14   NR             1.31026729e-06             2.96692688e-05
  110  Ds   15   15   NR             1.00485691e-08             2.23461143e-06
  111  Rg   15    1   NR             3.70767999e+00             3.24616933e+00
  111  Rg   15    2   NR             1.51525164e+00             1.65463614e+00
  111  Rg   15    3   NR             1.25376403e+00             5.31167924e-01
  111  Rg   15    4   NR             5.91860008e+00             6.62845895e-02
  111  Rg   15    5   NR            -9.02220917e+00             4.96893302e-02
  111  Rg   15    6   NR             5.99041176e+00             2.75779944e-02
  111  Rg   15    7   NR            -3.48674083e+00             1.54567352e-02
  111  Rg   15    8   NR             1.30164611e+00             9.07155965e-03
  111  Rg   15    9   NR            -2.37339854e-01             4.05491469e-03
  111  Rg   15   10   NR             2.25691926e-02             2.61679990e-03
  111  Rg   15   11   NR             3.73389572e-02             2.03040917e-03
  111  Rg   15   12   NR            -6.27406314e-03             1.16573437e-03
  111  Rg   15   13   NR             3.14376193e-05             1.46953957e-04
  111  Rg   15   14   NR             1.38117150e-06             2.93138401e-05
  111  Rg   15   15   NR             1.03062527e-08             2.15147884e-06
  112  Cn   15    1   NR             3.45310450e+00             3.04365134e+00
  112  Cn   15    2   NR             1.77589047e+00             1.56995392e+00
  112  Cn   15    3   NR             1.07385600e+00             5.58657169e-01
  112  Cn   15    4   NR             2.31496406e+00             7.96511322e-02
  112  Cn   15    5   NR            -6.40759802e+00             4.01020423e-02
  112  Cn   15    6   NR             7.98437643e+00             2.60981172e-02
  112  Cn   15    7   NR            -4.42857885e+00             1.61017273e-02
  112  Cn   15    8   NR             9.72873092e-01             9.68698971e-03
  112  Cn   15    9   NR             3.54283422e-01             7.26746209e-03
  112  Cn   15   10   NR            -2.49431446e-01             4.19433787e-03
  112  Cn   15   11   NR             4.47216593e-02             1.95845729e-03
  112  Cn   15   12   NR            -7.63089769e-03             1.18263601e-03
  112  Cn   15   13   NR             2.87456369e-05             1.38189731e-04
  112  Cn   15   14   NR             1.27352939e-06             2.75035709e-05
  112  Cn   15   15   NR             1.01243716e-08             2.03682180e-06
  113  Nh   15    1   NR             5.10796785e+00             1.08473625e+01
  113  Nh   15    2   NR            -3.24732089e+00             9.66651249e+00
  113  Nh   15    3   NR             4.14443350e+00             2.12950826e+00
  113  Nh   15    4   NR             1.28867340e+00             6.46254897e-01
  113  Nh   15    5   NR             2.12214899e+00             8.11371803e-02
  113  Nh   15    6   NR            -5.02091074e+00             3.95747945e-02
  113  Nh   15    7   NR             2.16146851e+01             2.10479815e-02
  113  Nh   15    8   NR            -1.89251137e+01             1.88934673e-02
  113  Nh   15    9   NR             9.96546566e-01             8.30241572e-03
  113  Nh   15   10   NR            -2.19599932e-01             3.98680288e-03
  113  Nh   15   11   NR             4.45463918e-02             1.94208429e-03
  113  Nh   15   12   NR            -6.76959520e-03             1.14088750e-03
  113  Nh   15   13   NR             2.71244080e-05             1.32547939e-04
  113  Nh   15   14   NR             1.23602035e-06             2.63232359e-05
  113  Nh   15   15   NR             1.00056026e-08             1.92863581e-06
  114  Fl   15    1   NR             3.47534060e+00             9.28245163e+00
  114  Fl   15    2   NR            -9.57106769e-01             4.12006044e+00
  114  Fl   15    3   NR             3.85784101e+00             2.04127049e+00
  114  Fl   15    4   NR             1.41949904e+00             6.93282783e-01
  114  Fl   15    5   NR             2.04985404e+00             7.93003216e-02
  114  Fl   15    6   NR            -6.24643278e+00             3.64717729e-02
  114  Fl   15    7   NR             8.59688759e+00             2.41013486e-02
  114  Fl   15    8   NR            -4.93874836e+00             1.54836392e-02
  114  Fl   15    9   NR             1.29960108e+00             8.79284460e-03
  114  Fl   15   10   NR            -1.89254403e-01             3.82885034e-03
  114  Fl   15   11   NR             4.29266691e-02             1.80788059e-03
  114  Fl   15   12   NR            -9.20330919e-03             1.17287308e-03
  114  Fl   15   13   NR             2.45593255e-05             1.23382182e-04
  114  Fl   15   14   NR             1.11623524e-06             2.46532545e-05
  114  Fl   15   15   NR             1.01752358e-08             1.85283318e-06
  115  Mc   15    1   NR             8.87069511e+00             7.05555248e+00
  115  Mc   15    2   NR            -5.17503977e+00             6.38020229e+00
  115  Mc   15    3   NR             2.89630914e+00             1.72595513e+00
  115  Mc   15    4   NR             1.41650474e+00             6.89201236e-01
  115  Mc   15    5   NR             2.39789104e+00             7.17417300e-02
  115  Mc   15    6   NR            -9.30265331e+00             3.48392501e-02
  115  Mc   15    7   NR             1.03627090e+01             2.60900911e-02
  115  Mc   15    8   NR            -3.73810101e+00             1.50147555e-02
  115  Mc   15    9   NR             1.08383071e+00             7.81302899e-03
  115  Mc   15   10   NR            -2.46035948e-01             4.17434191e-03
  115  Mc   15   11   NR             4.49703820e-02             1.55442557e-03
  115  Mc   15   12   NR            -2.08225194e-02             1.24215463e-03
  115  Mc   15   13   NR             2.30003261e-05             1.18101256e-04
  115  Mc   15   14   NR             1.08966640e-06             2.35874231e-05
  115  Mc   15   15   NR             1.00286872e-08             1.75827438e-06
  116  Lv   15    1   NR             4.46793365e+00             6.20448542e+00
  116  Lv   15    2   NR             2.62508535e+00             1.36622274e+00
  116  Lv   15    3   NR             1.40106583e+00             4.67957765e-01
  116  Lv   15    4   NR            -5.77199996e-01             2.64402121e-01
  116  Lv   15    5   NR             2.28257084e+00             7.54713714e-02
  116  Lv   15    6   NR            -5.17798758e+00             3.66460495e-02
  116  Lv   15    7   NR             8.97643185e+00             2.12039053e-02
  116  Lv   15    8   NR            -6.39315033e+00             1.55548463e-02
  116  Lv   15    9   NR             1.16269803e+00             8.21039826e-03
  116  Lv   15   10   NR            -1.87715963e-01             3.74884042e-03
  116  Lv   15   11   NR             3.71915177e-02             1.70696585e-03
  116  Lv   15   12   NR            -7.94086792e-03             1.10288721e-03
  116  Lv   15   13   NR             2.20666971e-05             1.14678121e-04
  116  Lv   15   14   NR             1.09356301e-06             2.27969358e-05
  116  Lv   15   15   NR             1.00644586e-08             1.68024997e-06
  117  Ts   15    1   NR             4.83408880e+00             5.40463924e+00
  117  Ts   15    2   NR             1.53714991e+00             1.60819745e+00
  117  Ts   15    3   NR             1.77886450e+00             6.74923718e-01
  117  Ts   15    4   NR             8.35240364e+00             5.09921312e-02
  117  Ts   15    5   NR            -2.75980663e+01             3.66193429e-02
  117  Ts   15    6   NR             1.98241425e+01             3.16460021e-02
  117  Ts   15    7   NR             1.82263458e+00             2.28688996e-02
  117  Ts   15    8   NR            -3.08781147e+00             1.28412303e-02
  117  Ts   15    9   NR             1.34834981e+00             8.19234643e-03
  117  Ts   15   10   NR            -1.85846716e-01             3.48711270e-03
  117  Ts   15   11   NR             4.39826287e-02             1.90439494e-03
  117  Ts   15   12   NR            -3.58644407e-03             9.58169461e-04
  117  Ts   15   13   NR             2.14334250e-05             1.10899600e-04
  117  Ts   15   14   NR             1.04812045e-06             2.16362623e-05
  117  Ts   15   15   NR             1.00056923e-08             1.60180355e-06
  118  Og   15    1   NR             5.25839758e+00             4.79629421e+00
  118  Og   15    2   NR             1.80077910e+00             1.32804489e+00
  118  Og   15    3   NR             1.55301607e+00             4.34151530e-01
  118  Og   15    4   NR            -1.11095262e+00             1.62426442e-01
  118  Og   15    5   NR             2.48162079e+00             8.41785595e-02
  118  Og   15    6   NR            -4.11402178e+00             3.51024233e-02
  118  Og   15    7   NR             6.32490063e+00             1.98660679e-02
  118  Og   15    8   NR            -5.69083548e+00             1.25393588e-02
  118  Og   15    9   NR             2.67819929e+00             8.44081584e-03
  118  Og   15   10   NR            -4.31670785e-01             5.72796213e-03
  118  Og   15   11   NR            -1.07057489e-01             2.25616735e-03
  118  Og   15   12   NR             1.09939009e-01             1.65745057e-03
  118  Og   15   13   NR            -3.32896784e-02             1.29321765e-03
  118  Og   15   14   NR             1.55688394e-05             7.48273524e-05
  118  Og   15   15   NR             2.93681630e-08             2.28762337e-06
