# Fitted coefficients --- model 'adaptive_dirac_pade', run 'adaptive_dirac_pade_f32', Dirac–Fock reference 'zdf'.
# Element-adaptive parameterisation, Lobato 2026. Coefficients in single precision (float32).
# Each element: (n_t - 1) non-relativistic Lobato terms (type NR) + 1 Dirac–Padé term (type DP, last).
# a_i in angstrom, b_i in angstrom^2. f_e, f_x, rho, V, V(R) follow in closed form (see paper).
#   Z Sym  n_t term type                        a_i                        b_i
    1   H    2    1   NR             2.64628679e-01             2.76349235e+00
    1   H    2    2   DP            -3.21942425e-05             1.33339942e+00
    2  He    3    1   NR             1.47793949e-01             1.39801025e+00
    2  He    3    2   NR             2.05888469e-02             4.47128236e-01
    2  He    3    3   DP             2.70617828e-02             6.81569755e-01
    3  Li    5    1   NR            -1.53917718e+00             6.94244862e+00
    3  Li    5    2   NR             1.14633024e-01             3.01290011e+00
    3  Li    5    3   NR             7.39919320e-02             4.49794918e-01
    3  Li    5    4   NR             5.74090704e-03             1.90605357e-01
    3  Li    5    5   DP             1.99192846e+00             7.21083736e+00
    4  Be    5    1   NR             3.56585145e+00             4.58756113e+00
    4  Be    5    2   NR            -1.94862509e+00             3.78874040e+00
    4  Be    5    3   NR             4.09667455e-02             2.33622491e-01
    4  Be    5    4   NR             2.77365255e-03             1.04858913e-01
    4  Be    5    5   DP            -8.93466920e-02             1.09180260e+00
    5   B    5    1   NR             2.76967883e-01             5.30453491e+00
    5   B    5    2   NR             1.22505403e+00             3.38034320e+00
    5   B    5    3   NR             2.51671039e-02             1.38286009e-01
    5   B    5    4   NR             1.17270113e-03             6.26306087e-02
    5   B    5    5   DP            -8.71776789e-02             6.37904167e-01
    6   C    5    1   NR             5.58595777e-01             3.49702811e+00
    6   C    5    2   NR             7.52983928e-01             2.06762052e+00
    6   C    5    3   NR             1.72127299e-02             9.21118930e-02
    6   C    5    4   NR             5.95023914e-04             4.12908606e-02
    6   C    5    5   DP            -5.99128082e-02             3.97342801e-01
    7   N    5    1   NR             5.51384985e-01             2.64085364e+00
    7   N    5    2   NR             6.04731679e-01             1.43700218e+00
    7   N    5    3   NR             1.24995513e-02             6.56986162e-02
    7   N    5    4   NR             3.21942149e-04             2.87338048e-02
    7   N    5    5   DP            -4.32099588e-02             2.68490136e-01
    8   O    5    1   NR             5.12288749e-01             2.09126306e+00
    8   O    5    2   NR             5.20701468e-01             1.06461489e+00
    8   O    5    3   NR             9.47341509e-03             4.91667576e-02
    8   O    5    4   NR             1.80561634e-04             2.07177978e-02
    8   O    5    5   DP            -3.25981677e-02             1.92226544e-01
    9   F    5    1   NR             4.70318228e-01             1.70031714e+00
    9   F    5    2   NR             4.62339073e-01             8.23313773e-01
    9   F    5    3   NR             7.39650661e-03             3.80206779e-02
    9   F    5    4   NR             9.44572530e-05             1.50006656e-02
    9   F    5    5   DP            -2.55667493e-02             1.44128114e-01
   10  Ne    5    1   NR             4.31934536e-01             1.41683948e+00
   10  Ne    5    2   NR             4.18689668e-01             6.58404469e-01
   10  Ne    5    3   NR             5.93326101e-03             3.03249136e-02
   10  Ne    5    4   NR             5.39436078e-05             1.12144062e-02
   10  Ne    5    5   DP            -2.04561632e-02             1.11239187e-01
   11  Na    7    1   NR             4.10853529e+00             9.27543545e+00
   11  Na    7    2   NR             5.43353677e-01             5.84868908e-01
   11  Na    7    3   NR            -2.96756420e-02             1.09839126e-01
   11  Na    7    4   NR             6.87315501e-03             3.68673652e-02
   11  Na    7    5   NR             1.65423041e-03             1.88253075e-02
   11  Na    7    6   NR             1.40736091e-07             2.01933226e-03
   11  Na    7    7   DP            -1.49390900e+00             4.62392139e+00
   12  Mg    7    1   NR            -4.74480480e-01             2.83161068e+00
   12  Mg    7    2   NR             4.61918920e-01             4.42409426e-01
   12  Mg    7    3   NR            -3.20460461e-02             1.02148853e-01
   12  Mg    7    4   NR             5.41422237e-03             2.76584774e-02
   12  Mg    7    5   NR             9.63741390e-04             1.48322070e-02
   12  Mg    7    6   NR             9.21714758e-08             1.50030432e-03
   12  Mg    7    7   DP             1.76194239e+00             5.41783190e+00
   13  Al    7    1   NR             2.12802696e+00             7.44703674e+00
   13  Al    7    2   NR             1.36917937e+00             3.43728447e+00
   13  Al    7    3   NR            -9.23313677e-01             1.87596059e+00
   13  Al    7    4   NR             3.99928212e-01             3.48128289e-01
   13  Al    7    5   NR             3.36408406e-03             1.70793943e-02
   13  Al    7    6   NR             6.13913880e-06             4.30436106e-03
   13  Al    7    7   DP            -1.92147028e-02             6.52355254e-02
   14  Si    7    1   NR             2.31089687e+00             5.33613729e+00
   14  Si    7    2   NR             9.41674054e-01             2.67748404e+00
   14  Si    7    3   NR            -7.02165425e-01             1.19812715e+00
   14  Si    7    4   NR             3.64801675e-01             2.84503698e-01
   14  Si    7    5   NR             2.86276662e-03             1.45707587e-02
   14  Si    7    6   NR             3.62667492e-06             3.29445256e-03
   14  Si    7    7   DP            -1.89650282e-02             5.60694002e-02
   15   P    7    1   NR             2.13789701e+00             4.07564974e+00
   15   P    7    2   NR             9.21538472e-01             2.28191447e+00
   15   P    7    3   NR            -6.35633707e-01             8.44417930e-01
   15   P    7    4   NR             3.45143169e-01             2.39370659e-01
   15   P    7    5   NR             2.47048517e-03             1.25966789e-02
   15   P    7    6   NR             2.52440054e-06             2.64395750e-03
   15   P    7    7   DP            -1.83392335e-02             4.84415367e-02
   16   S    7    1   NR             1.87016451e+00             3.27416968e+00
   16   S    7    2   NR             1.01721478e+00             1.94599950e+00
   16   S    7    3   NR            -6.15284920e-01             6.27118289e-01
   16   S    7    4   NR             3.37855101e-01             2.06174657e-01
   16   S    7    5   NR             2.15433165e-03             1.10027203e-02
   16   S    7    6   NR             1.91973368e-06             2.18282128e-03
   16   S    7    7   DP            -1.75551046e-02             4.21605669e-02
   17  Cl    7    1   NR             1.59501314e+00             2.71165276e+00
   17  Cl    7    2   NR             1.12643421e+00             1.67017829e+00
   17  Cl    7    3   NR            -6.07344210e-01             4.80618298e-01
   17  Cl    7    4   NR             3.40842545e-01             1.80722624e-01
   17  Cl    7    5   NR             1.89262955e-03             9.68888029e-03
   17  Cl    7    6   NR             1.52247901e-06             1.83056656e-03
   17  Cl    7    7   DP            -1.67918559e-02             3.70145850e-02
   18  Ar    7    1   NR             1.37583089e+00             2.29763317e+00
   18  Ar    7    2   NR             1.19462919e+00             1.42969632e+00
   18  Ar    7    3   NR            -6.09354734e-01             3.78366500e-01
   18  Ar    7    4   NR             3.52207303e-01             1.60422772e-01
   18  Ar    7    5   NR             1.67256733e-03             8.59102886e-03
   18  Ar    7    6   NR             1.24350754e-06             1.55382114e-03
   18  Ar    7    7   DP            -1.61089953e-02             3.27647217e-02
   19   K    9    1   NR             9.01805401e+00             1.17546558e+01
   19   K    9    2   NR             2.04775119e+00             1.16653585e+00
   19   K    9    3   NR            -6.73070669e-01             3.92691463e-01
   19   K    9    4   NR             2.82800436e-01             1.12825811e-01
   19   K    9    5   NR            -6.16466701e-02             5.43970913e-02
   19   K    9    6   NR             2.25954433e-03             9.22233891e-03
   19   K    9    7   NR             6.88171349e-05             4.17512609e-03
   19   K    9    8   NR             2.08756390e-08             3.27960006e-04
   19   K    9    9   DP            -4.08177471e+00             6.53653574e+00
   20  Ca    9    1   NR            -2.62189937e+00             5.76184654e+00
   20  Ca    9    2   NR             2.06379223e+00             8.95689845e-01
   20  Ca    9    3   NR            -7.81612098e-01             3.48173976e-01
   20  Ca    9    4   NR             2.81754345e-01             9.65553150e-02
   20  Ca    9    5   NR            -7.26234913e-02             5.08922897e-02
   20  Ca    9    6   NR             2.06502923e-03             8.31611827e-03
   20  Ca    9    7   NR             6.04624802e-05             3.72449472e-03
   20  Ca    9    8   NR             2.24171490e-08             3.02412489e-04
   20  Ca    9    9   DP             4.05722380e+00             7.31284046e+00
   21  Sc    9    1   NR            -1.57348931e+00             5.24511814e+00
   21  Sc    9    2   NR             1.78239107e+00             7.63731480e-01
   21  Sc    9    3   NR            -6.90067232e-01             2.89402634e-01
   21  Sc    9    4   NR             2.74681509e-01             8.44162256e-02
   21  Sc    9    5   NR            -7.71141350e-02             4.66282368e-02
   21  Sc    9    6   NR             1.90681638e-03             7.59076839e-03
   21  Sc    9    7   NR             6.00428066e-05             3.42124538e-03
   21  Sc    9    8   NR             2.52015013e-08             2.84873531e-04
   21  Sc    9    9   DP             3.29214215e+00             6.68927622e+00
   22  Ti    9    1   NR            -1.63244009e+00             6.09462595e+00
   22  Ti    9    2   NR             1.55190229e+00             6.94928169e-01
   22  Ti    9    3   NR            -5.70343852e-01             2.30239764e-01
   22  Ti    9    4   NR             2.66510665e-01             7.84119368e-02
   22  Ti    9    5   NR            -6.44724965e-02             4.08576466e-02
   22  Ti    9    6   NR             1.79489120e-03             7.08662020e-03
   22  Ti    9    7   NR             7.74657456e-05             3.33149941e-03
   22  Ti    9    8   NR             3.21712221e-08             2.81889312e-04
   22  Ti    9    9   DP             3.22470355e+00             6.19562197e+00
   23   V    9    1   NR             5.19545841e+00             6.75768852e+00
   23   V    9    2   NR             1.41149390e+00             5.89802146e-01
   23   V    9    3   NR            -5.45462787e-01             2.15771064e-01
   23   V    9    4   NR             2.67962515e-01             6.31010234e-02
   23   V    9    5   NR            -1.03305206e-01             4.05953079e-02
   23   V    9    6   NR             1.63713493e-03             6.39666663e-03
   23   V    9    7   NR             5.88436596e-05             2.91612581e-03
   23   V    9    8   NR             3.15142401e-08             2.55241524e-04
   23   V    9    9   DP            -1.38184214e+00             3.36899686e+00
   24  Cr    9    1   NR             6.38907433e-01             1.78247273e+00
   24  Cr    9    2   NR             1.15790534e+00             5.26968062e-01
   24  Cr    9    3   NR            -4.57329690e-01             1.86763451e-01
   24  Cr    9    4   NR             2.59341776e-01             5.54742962e-02
   24  Cr    9    5   NR            -1.10722028e-01             3.74143012e-02
   24  Cr    9    6   NR             1.52859092e-03             5.92577783e-03
   24  Cr    9    7   NR             6.07392722e-05             2.72696489e-03
   24  Cr    9    8   NR             3.51073588e-08             2.42697846e-04
   24  Cr    9    9   DP             1.33520019e+00             6.86151695e+00
   25  Mn    9    1   NR             4.71285820e+00             5.98051596e+00
   25  Mn    9    2   NR             1.19577193e+00             5.30914664e-01
   25  Mn    9    3   NR            -4.07127053e-01             1.39971107e-01
   25  Mn    9    4   NR             2.44042873e-01             5.94347529e-02
   25  Mn    9    5   NR            -5.29376864e-02             3.02965287e-02
   25  Mn    9    6   NR             1.49080832e-03             5.73116215e-03
   25  Mn    9    7   NR             9.42565239e-05             2.77451449e-03
   25  Mn    9    8   NR             4.56372504e-08             2.44079114e-04
   25  Mn    9    9   DP            -1.29224992e+00             3.30217767e+00
   26  Fe    9    1   NR             7.02303171e-01             7.51818895e-01
   26  Fe    9    2   NR             8.35339069e-01             3.24358642e-01
   26  Fe    9    3   NR            -5.60775042e-01             1.68072388e-01
   26  Fe    9    4   NR             3.03167522e-01             4.20387536e-02
   26  Fe    9    5   NR            -1.82589456e-01             3.31595205e-02
   26  Fe    9    6   NR             1.35835994e-03             5.23653813e-03
   26  Fe    9    7   NR             8.24738308e-05             2.53350101e-03
   26  Fe    9    8   NR             4.97524972e-08             2.31985978e-04
   26  Fe    9    9   DP             1.65645301e+00             5.19716215e+00
   27  Co    9    1   NR             5.22903621e-01             8.80457819e-01
   27  Co    9    2   NR             8.73099983e-01             3.58354509e-01
   27  Co    9    3   NR            -3.95910680e-01             1.38489753e-01
   27  Co    9    4   NR             2.84444898e-01             3.87220979e-02
   27  Co    9    5   NR            -1.68098673e-01             3.03424485e-02
   27  Co    9    6   NR             1.28293538e-03             4.91637550e-03
   27  Co    9    7   NR             8.61335429e-05             2.39267270e-03
   27  Co    9    8   NR             5.47194254e-08             2.21569295e-04
   27  Co    9    9   DP             1.53978705e+00             4.96155787e+00
   28  Ni    9    1   NR             4.51571971e-01             9.79984283e-01
   28  Ni    9    2   NR             8.83184671e-01             3.64776343e-01
   28  Ni    9    3   NR            -3.25959682e-01             1.13898188e-01
   28  Ni    9    4   NR             2.04119012e-01             3.90959643e-02
   28  Ni    9    5   NR            -8.16371888e-02             2.57679019e-02
   28  Ni    9    6   NR             1.23474293e-03             4.68515325e-03
   28  Ni    9    7   NR             9.62890481e-05             2.29127333e-03
   28  Ni    9    8   NR             5.99274017e-08             2.11812279e-04
   28  Ni    9    9   DP             1.43487298e+00             4.75426722e+00
   29  Cu    9    1   NR             7.27995157e-01             1.42333567e+00
   29  Cu    9    2   NR             8.82376492e-01             3.78576666e-01
   29  Cu    9    3   NR            -3.07973266e-01             8.58511403e-02
   29  Cu    9    4   NR             2.07939461e-01             4.37754206e-02
   29  Cu    9    5   NR            -3.50116193e-02             2.04346646e-02
   29  Cu    9    6   NR             1.25597103e-03             4.73748334e-03
   29  Cu    9    7   NR             1.48192630e-04             2.34111771e-03
   29  Cu    9    8   NR             7.52223031e-08             2.12789208e-04
   29  Cu    9    9   DP             8.82746458e-01             5.66628551e+00
   30  Zn    9    1   NR             4.63393450e+00             4.76363230e+00
   30  Zn    9    2   NR            -2.70951009e+00             4.03709602e+00
   30  Zn    9    3   NR             4.71205086e-01             8.82882714e-01
   30  Zn    9    4   NR             7.84493327e-01             3.21995854e-01
   30  Zn    9    5   NR            -3.54603291e-01             7.90626034e-02
   30  Zn    9    6   NR             2.22874418e-01             4.59849723e-02
   30  Zn    9    7   NR             5.10165235e-04             2.84593645e-03
   30  Zn    9    8   NR             1.81868216e-07             2.67811411e-04
   30  Zn    9    9   DP            -1.04274731e-02             1.10793458e-02
   31  Ga    9    1   NR             5.90226030e+00             6.95578766e+00
   31  Ga    9    2   NR             9.38127697e-01             3.45395803e-01
   31  Ga    9    3   NR            -5.74258983e-01             5.82476370e-02
   31  Ga    9    4   NR             4.91959393e-01             4.53871228e-02
   31  Ga    9    5   NR            -2.60193944e-02             1.68657396e-02
   31  Ga    9    6   NR             1.16928597e-03             4.19978378e-03
   31  Ga    9    7   NR             1.28347470e-04             2.01841351e-03
   31  Ga    9    8   NR             7.67819373e-08             1.85974670e-04
   31  Ga    9    9   DP            -2.10450506e+00             5.58518124e+00
   32  Ge    9    1   NR             2.41527700e+00             5.64392853e+00
   32  Ge    9    2   NR             2.33752418e+00             2.26165485e+00
   32  Ge    9    3   NR            -1.84246147e+00             1.88595104e+00
   32  Ge    9    4   NR             9.04190242e-01             3.00383091e-01
   32  Ge    9    5   NR            -4.90921170e-01             5.89283220e-02
   32  Ge    9    6   NR             3.79863948e-01             4.37384024e-02
   32  Ge    9    7   NR             4.45980055e-04             2.48707738e-03
   32  Ge    9    8   NR             1.98291687e-07             2.41063375e-04
   32  Ge    9    9   DP            -9.26790480e-03             9.60013829e-03
   33  As    9    1   NR             2.72372651e+00             4.35635948e+00
   33  As    9    2   NR             2.29433560e+00             1.69323814e+00
   33  As    9    3   NR            -2.10209084e+00             1.36347377e+00
   33  As    9    4   NR             8.99524152e-01             2.67510742e-01
   33  As    9    5   NR            -3.48030418e-01             6.10561222e-02
   33  As    9    6   NR             2.22230911e-01             3.76662426e-02
   33  As    9    7   NR             4.08553693e-04             2.31452030e-03
   33  As    9    8   NR             1.89713703e-07             2.22361341e-04
   33  As    9    9   DP            -9.17251408e-03             9.00112279e-03
   34  Se    9    1   NR             2.64349270e+00             3.58441401e+00
   34  Se    9    2   NR             9.80456293e-01             1.94946539e+00
   34  Se    9    3   NR            -8.07521164e-01             8.06477070e-01
   34  Se    9    4   NR             9.46757972e-01             2.47008204e-01
   34  Se    9    5   NR            -3.25915188e-01             5.90978228e-02
   34  Se    9    6   NR             1.91870049e-01             3.43768485e-02
   34  Se    9    7   NR             3.77531833e-04             2.16241344e-03
   34  Se    9    8   NR             1.86524900e-07             2.07392441e-04
   34  Se    9    9   DP            -8.94444995e-03             8.44549108e-03
   35  Br    9    1   NR             2.40517068e+00             3.04437566e+00
   35  Br    9    2   NR             1.18039680e+00             1.89598131e+00
   35  Br    9    3   NR            -9.32951033e-01             6.04002059e-01
   35  Br    9    4   NR             1.03689706e+00             2.31328145e-01
   35  Br    9    5   NR            -3.18266898e-01             5.65139242e-02
   35  Br    9    6   NR             1.76835462e-01             3.18568982e-02
   35  Br    9    7   NR             3.50449263e-04             2.02546199e-03
   35  Br    9    8   NR             1.85598353e-07             1.94588982e-04
   35  Br    9    9   DP            -8.67141504e-03             7.93428253e-03
   36  Kr    9    1   NR             2.19340348e+00             2.63506007e+00
   36  Kr    9    2   NR             1.39485610e+00             1.71824718e+00
   36  Kr    9    3   NR            -1.11631322e+00             4.91994798e-01
   36  Kr    9    4   NR             1.14355552e+00             2.14952767e-01
   36  Kr    9    5   NR            -3.12309563e-01             5.49688376e-02
   36  Kr    9    6   NR             1.58364266e-01             2.93742064e-02
   36  Kr    9    7   NR             3.24928085e-04             1.89848174e-03
   36  Kr    9    8   NR             1.83248460e-07             1.82295757e-04
   36  Kr    9    9   DP            -8.44408292e-03             7.46824406e-03
   37  Rb   11    1   NR             1.22871704e+01             1.23369608e+01
   37  Rb   11    2   NR             3.19856215e+00             1.42384136e+00
   37  Rb   11    3   NR            -1.43350995e+00             5.44991195e-01
   37  Rb   11    4   NR             1.05439138e+00             1.69476092e-01
   37  Rb   11    5   NR            -3.45232815e-01             6.78459331e-02
   37  Rb   11    6   NR             1.34231344e-01             1.90169085e-02
   37  Rb   11    7   NR            -6.52647913e-02             1.34369824e-02
   37  Rb   11    8   NR             1.07856572e-03             3.78521509e-03
   37  Rb   11    9   NR             2.24247444e-04             1.67887495e-03
   37  Rb   11   10   NR             1.65684924e-07             1.66173544e-04
   37  Rb   11   11   DP            -5.95944738e+00             7.23405457e+00
   38  Sr   11    1   NR            -5.85029364e+00             7.62314892e+00
   38  Sr   11    2   NR             3.45584154e+00             1.15973508e+00
   38  Sr   11    3   NR            -1.73386097e+00             4.59923416e-01
   38  Sr   11    4   NR             1.15617001e+00             1.57998905e-01
   38  Sr   11    5   NR            -3.67330432e-01             6.48580864e-02
   38  Sr   11    6   NR             1.23632923e-01             1.81739870e-02
   38  Sr   11    7   NR            -5.62075078e-02             1.24123674e-02
   38  Sr   11    8   NR             1.11579453e-03             3.72966286e-03
   38  Sr   11    9   NR             2.25664087e-04             1.60669314e-03
   38  Sr   11   10   NR             1.77010151e-07             1.60460302e-04
   38  Sr   11   11   DP             6.55128384e+00             7.92851448e+00
   39   Y   11    1   NR            -2.17432857e+00             5.60934353e+00
   39   Y   11    2   NR             3.37871933e+00             9.10517871e-01
   39   Y   11    3   NR            -2.04446626e+00             4.28952783e-01
   39   Y   11    4   NR             1.21331060e+00             1.37112737e-01
   39   Y   11    5   NR            -4.57023114e-01             6.56505078e-02
   39   Y   11    6   NR             1.14201412e-01             1.69796571e-02
   39   Y   11    7   NR            -5.18724211e-02             1.14533883e-02
   39   Y   11    8   NR             1.30463101e-03             3.90754733e-03
   39   Y   11    9   NR             2.47689080e-04             1.57118251e-03
   39   Y   11   10   NR             2.02678379e-07             1.58822644e-04
   39   Y   11   11   DP             4.23856640e+00             7.06928682e+00
   40  Zr   11    1   NR            -1.50054729e+00             6.31997347e+00
   40  Zr   11    2   NR             2.92356658e+00             8.12161505e-01
   40  Zr   11    3   NR            -1.88641763e+00             3.56274724e-01
   40  Zr   11    4   NR             1.32406735e+00             1.25324324e-01
   40  Zr   11    5   NR            -5.20818412e-01             6.39872774e-02
   40  Zr   11    6   NR             1.04116954e-01             1.62710715e-02
   40  Zr   11    7   NR            -4.39481139e-02             1.04987482e-02
   40  Zr   11    8   NR             1.46993261e-03             3.93716665e-03
   40  Zr   11    9   NR             2.49821693e-04             1.50929391e-03
   40  Zr   11   10   NR             2.17557385e-07             1.53961053e-04
   40  Zr   11   11   DP             3.78997397e+00             6.50026035e+00
   41  Nb   11    1   NR             8.95942807e-01             2.74351549e+00
   41  Nb   11    2   NR             2.23899221e+00             7.82107711e-01
   41  Nb   11    3   NR            -1.57999241e+00             2.86384434e-01
   41  Nb   11    4   NR             1.44018376e+00             1.16445065e-01
   41  Nb   11    5   NR            -5.68376064e-01             6.16682321e-02
   41  Nb   11    6   NR             9.80220884e-02             1.55513017e-02
   41  Nb   11    7   NR            -3.95674035e-02             9.79612395e-03
   41  Nb   11    8   NR             1.48418581e-03             3.77772190e-03
   41  Nb   11    9   NR             2.36076216e-04             1.42860506e-03
   41  Nb   11   10   NR             2.18678892e-07             1.46076593e-04
   41  Nb   11   11   DP             1.92122912e+00             6.91366196e+00
   42  Mo   11    1   NR             1.19925272e+00             2.67416120e+00
   42  Mo   11    2   NR             2.03585625e+00             7.43572176e-01
   42  Mo   11    3   NR            -1.58290613e+00             2.38548249e-01
   42  Mo   11    4   NR             1.58744729e+00             1.10418819e-01
   42  Mo   11    5   NR            -5.91318488e-01             5.84478863e-02
   42  Mo   11    6   NR             8.98672491e-02             1.52798137e-02
   42  Mo   11    7   NR            -3.13150622e-02             8.85701086e-03
   42  Mo   11    8   NR             1.69429299e-03             3.76903615e-03
   42  Mo   11    9   NR             2.31970393e-04             1.36667478e-03
   42  Mo   11   10   NR             2.29146295e-07             1.40741467e-04
   42  Mo   11   11   DP             1.62710333e+00             6.67521620e+00
   43  Tc   11    1   NR             7.89252996e-01             1.70897591e+00
   43  Tc   11    2   NR             2.07924843e+00             6.06001019e-01
   43  Tc   11    3   NR            -1.63791227e+00             2.42403269e-01
   43  Tc   11    4   NR             1.90352607e+00             8.93503651e-02
   43  Tc   11    5   NR            -1.09022510e+00             6.14485219e-02
   43  Tc   11    6   NR             8.30584541e-02             1.47732031e-02
   43  Tc   11    7   NR            -2.66778544e-02             7.99741969e-03
   43  Tc   11    8   NR             2.16746097e-03             3.85432877e-03
   43  Tc   11    9   NR             2.30117570e-04             1.31114724e-03
   43  Tc   11   10   NR             2.39095300e-07             1.35505281e-04
   43  Tc   11   11   DP             2.21960545e+00             5.65342951e+00
   44  Ru   11    1   NR             1.48810077e+00             2.20718169e+00
   44  Ru   11    2   NR             1.81893957e+00             6.58235908e-01
   44  Ru   11    3   NR            -1.56178033e+00             1.88258573e-01
   44  Ru   11    4   NR             1.89045823e+00             9.12461802e-02
   44  Ru   11    5   NR            -8.37672412e-01             5.57432957e-02
   44  Ru   11    6   NR             8.19174796e-02             1.42519306e-02
   44  Ru   11    7   NR            -2.49391142e-02             7.65115116e-03
   44  Ru   11    8   NR             1.81804528e-03             3.50780413e-03
   44  Ru   11    9   NR             2.07686433e-04             1.23002555e-03
   44  Ru   11   10   NR             2.29719689e-07             1.26930900e-04
   44  Ru   11   11   DP             1.28062320e+00             6.32214594e+00
   45  Rh   11    1   NR             1.54433119e+00             1.99804246e+00
   45  Rh   11    2   NR             1.75343418e+00             6.18596196e-01
   45  Rh   11    3   NR            -1.54522765e+00             1.71580106e-01
   45  Rh   11    4   NR             2.04726481e+00             8.29395279e-02
   45  Rh   11    5   NR            -9.99375641e-01             5.39715700e-02
   45  Rh   11    6   NR             7.89190158e-02             1.40084149e-02
   45  Rh   11    7   NR            -2.12109145e-02             7.00401422e-03
   45  Rh   11    8   NR             1.95299822e-03             3.39331338e-03
   45  Rh   11    9   NR             1.94028427e-04             1.16358290e-03
   45  Rh   11   10   NR             2.23698635e-07             1.19464014e-04
   45  Rh   11   11   DP             1.17216361e+00             6.17294264e+00
   46  Pd   11    1   NR             6.79126024e-01             4.31105328e+00
   46  Pd   11    2   NR             8.26284885e-01             2.91954827e+00
   46  Pd   11    3   NR             1.14081097e+00             1.50653183e+00
   46  Pd   11    4   NR             1.54526126e+00             5.77674687e-01
   46  Pd   11    5   NR            -2.16895700e+00             1.43904820e-01
   46  Pd   11    6   NR             2.19394612e+00             9.41547602e-02
   46  Pd   11    7   NR            -5.13685226e-01             4.14479226e-02
   46  Pd   11    8   NR             9.67614129e-02             1.63605772e-02
   46  Pd   11    9   NR             1.70652886e-04             1.07617490e-03
   46  Pd   11   10   NR             1.79085177e-07             1.04818930e-04
   46  Pd   11   11   DP            -6.04200037e-03             4.38026711e-03
   47  Ag   11    1   NR             1.56558216e+00             1.67195189e+00
   47  Ag   11    2   NR             1.66419137e+00             5.52304089e-01
   47  Ag   11    3   NR            -1.58309281e+00             1.42547250e-01
   47  Ag   11    4   NR             2.28774166e+00             7.17596188e-02
   47  Ag   11    5   NR            -1.18464041e+00             4.89724129e-02
   47  Ag   11    6   NR             7.73059353e-02             1.35553023e-02
   47  Ag   11    7   NR            -1.64685082e-02             5.96050732e-03
   47  Ag   11    8   NR             2.17175274e-03             3.15172388e-03
   47  Ag   11    9   NR             1.69045656e-04             1.04297127e-03
   47  Ag   11   10   NR             2.13110582e-07             1.06308180e-04
   47  Ag   11   11   DP             1.01559317e+00             5.91092062e+00
   48  Cd   11    1   NR             1.04919946e+00             1.33486140e+00
   48  Cd   11    2   NR             1.68401372e+00             5.16501129e-01
   48  Cd   11    3   NR            -1.81905830e+00             1.26015469e-01
   48  Cd   11    4   NR             2.43692446e+00             7.01959804e-02
   48  Cd   11    5   NR            -1.10441232e+00             4.57985774e-02
   48  Cd   11    6   NR             7.83156455e-02             1.32554518e-02
   48  Cd   11    7   NR            -1.51923709e-02             5.64590422e-03
   48  Cd   11    8   NR             2.01903842e-03             2.96094804e-03
   48  Cd   11    9   NR             1.55646121e-04             9.85209248e-04
   48  Cd   11   10   NR             2.07252626e-07             1.00265883e-04
   48  Cd   11   11   DP             1.53763914e+00             4.75573444e+00
   49  In   11    1   NR             1.93091226e+00             4.53925848e+00
   49  In   11    2   NR             2.07778311e+00             5.56498289e-01
   49  In   11    3   NR            -3.61338329e+00             9.68404785e-02
   49  In   11    4   NR             4.58943605e+00             7.21250698e-02
   49  In   11    5   NR            -1.38344717e+00             4.63374741e-02
   49  In   11    6   NR             7.43857771e-02             1.21165533e-02
   49  In   11    7   NR            -1.69109739e-02             5.75798564e-03
   49  In   11    8   NR             1.50992698e-03             2.68202345e-03
   49  In   11    9   NR             1.43374593e-04             9.32165363e-04
   49  In   11   10   NR             2.03158777e-07             9.48504385e-05
   49  In   11   11   DP             1.08445585e+00             7.33766651e+00
   50  Sn   11    1   NR             3.49942851e+00             6.24944639e+00
   50  Sn   11    2   NR             1.69134462e+00             2.50022697e+00
   50  Sn   11    3   NR            -1.36109138e+00             1.95947468e+00
   50  Sn   11    4   NR             2.11528754e+00             4.81751651e-01
   50  Sn   11    5   NR            -2.61814094e+00             1.01869009e-01
   50  Sn   11    6   NR             2.85056043e+00             6.98453337e-02
   50  Sn   11    7   NR            -7.67389238e-01             3.68181393e-02
   50  Sn   11    8   NR             9.64891315e-02             1.40893683e-02
   50  Sn   11    9   NR             1.39477270e-04             8.89231858e-04
   50  Sn   11   10   NR             1.94535417e-07             8.90979063e-05
   50  Sn   11   11   DP            -5.17864386e-03             3.64173693e-03
   51  Sb   11    1   NR             4.07154560e+00             4.95521593e+00
   51  Sb   11    2   NR             1.42066967e+00             2.03084660e+00
   51  Sb   11    3   NR            -1.66581976e+00             1.43047655e+00
   51  Sb   11    4   NR             2.25253439e+00             4.30933952e-01
   51  Sb   11    5   NR            -1.91520369e+00             1.06179588e-01
   51  Sb   11    6   NR             2.30977130e+00             5.87643199e-02
   51  Sb   11    7   NR            -1.02014661e+00             3.65996771e-02
   51  Sb   11    8   NR             9.80290920e-02             1.36680650e-02
   51  Sb   11    9   NR             1.32980014e-04             8.49144009e-04
   51  Sb   11   10   NR             1.94246738e-07             8.49579810e-05
   51  Sb   11   11   DP            -4.97545954e-03             3.48539953e-03
   52  Te   11    1   NR             4.22196770e+00             4.11994362e+00
   52  Te   11    2   NR             8.62508357e-01             2.34116936e+00
   52  Te   11    3   NR            -1.54654360e+00             9.51908410e-01
   52  Te   11    4   NR             2.58729196e+00             4.01414305e-01
   52  Te   11    5   NR            -1.86053455e+00             1.03604183e-01
   52  Te   11    6   NR             2.36448598e+00             5.33502959e-02
   52  Te   11    7   NR            -1.20366919e+00             3.54710892e-02
   52  Te   11    8   NR             1.01306513e-01             1.33122280e-02
   52  Te   11    9   NR             1.26873943e-04             8.11351987e-04
   52  Te   11   10   NR             1.93587923e-07             8.09939083e-05
   52  Te   11   11   DP            -4.78334166e-03             3.33883823e-03
   53   I   11    1   NR             3.85370374e+00             3.56240225e+00
   53   I   11    2   NR             1.36981392e+00             2.50397921e+00
   53   I   11    3   NR            -2.28087711e+00             7.32532203e-01
   53   I   11    4   NR             3.19428301e+00             3.81803453e-01
   53   I   11    5   NR            -1.92127478e+00             9.91065726e-02
   53   I   11    6   NR             2.39080644e+00             5.02742715e-02
   53   I   11    7   NR            -1.24040616e+00             3.36457007e-02
   53   I   11    8   NR             1.06274821e-01             1.30105335e-02
   53   I   11    9   NR             1.21155361e-04             7.75786000e-04
   53   I   11   10   NR             1.92987045e-07             7.72560015e-05
   53   I   11   11   DP            -4.60032001e-03             3.20099201e-03
   54  Xe   11    1   NR             3.74219775e+00             3.10809755e+00
   54  Xe   11    2   NR             1.69846487e+00             2.22633314e+00
   54  Xe   11    3   NR            -2.82106113e+00             6.42023861e-01
   54  Xe   11    4   NR             3.57378149e+00             3.44830424e-01
   54  Xe   11    5   NR            -1.95622921e+00             9.80020389e-02
   54  Xe   11    6   NR             2.39182568e+00             4.65824828e-02
   54  Xe   11    7   NR            -1.33644891e+00             3.20568494e-02
   54  Xe   11    8   NR             1.12380199e-01             1.27401203e-02
   54  Xe   11    9   NR             1.15732531e-04             7.42118689e-04
   54  Xe   11   10   NR             1.92131083e-07             7.37002993e-05
   54  Xe   11   11   DP            -4.42748051e-03             3.07123526e-03
   55  Cs   13    1   NR             1.91978531e+01             1.34804068e+01
   55  Cs   13    2   NR             5.62377644e+00             1.73031700e+00
   55  Cs   13    3   NR            -3.62237406e+00             7.75941551e-01
   55  Cs   13    4   NR             3.12779999e+00             2.75655746e-01
   55  Cs   13    5   NR            -2.13212252e+00             1.01077490e-01
   55  Cs   13    6   NR             2.05087042e+00             4.42736670e-02
   55  Cs   13    7   NR            -1.13280714e+00             2.88011245e-02
   55  Cs   13    8   NR             1.35071158e-01             1.28225069e-02
   55  Cs   13    9   NR            -8.21721647e-03             3.73240537e-03
   55  Cs   13   10   NR             1.51754112e-03             2.01338553e-03
   55  Cs   13   11   NR             8.08577461e-05             6.52691524e-04
   55  Cs   13   12   NR             1.58456118e-07             6.59415527e-05
   55  Cs   13   13   DP            -9.98884296e+00             8.35048485e+00
   56  Ba   13    1   NR            -9.38175106e+00             8.67148972e+00
   56  Ba   13    2   NR             5.71211243e+00             1.61144936e+00
   56  Ba   13    3   NR            -6.29089260e+00             4.84032243e-01
   56  Ba   13    4   NR             6.13959169e+00             3.16450417e-01
   56  Ba   13    5   NR            -2.16188049e+00             8.96377861e-02
   56  Ba   13    6   NR             2.23810029e+00             4.28429656e-02
   56  Ba   13    7   NR            -1.17629242e+00             2.76547484e-02
   56  Ba   13    8   NR             1.40136078e-01             1.24831693e-02
   56  Ba   13    9   NR            -7.78845185e-03             3.66228935e-03
   56  Ba   13   10   NR             1.21605012e-03             1.82818715e-03
   56  Ba   13   11   NR             6.85237537e-05             6.03823049e-04
   56  Ba   13   12   NR             1.45257005e-07             6.11670548e-05
   56  Ba   13   13   DP             9.28320599e+00             9.04226494e+00
   57  La   13    1   NR            -5.43880033e+00             7.65442181e+00
   57  La   13    2   NR             5.33917999e+00             1.28334570e+00
   57  La   13    3   NR            -6.53276110e+00             4.50441360e-01
   57  La   13    4   NR             6.11860132e+00             2.81756699e-01
   57  La   13    5   NR            -2.32330942e+00             8.76908526e-02
   57  La   13    6   NR             2.09765863e+00             4.15304191e-02
   57  La   13    7   NR            -1.05476594e+00             2.54428070e-02
   57  La   13    8   NR             1.56911165e-01             1.23172281e-02
   57  La   13    9   NR            -7.48441834e-03             3.61311180e-03
   57  La   13   10   NR             9.73473885e-04             1.65578490e-03
   57  La   13   11   NR             5.76314997e-05             5.57765889e-04
   57  La   13   12   NR             1.33341260e-07             5.67621100e-05
   57  La   13   13   DP             7.03687859e+00             8.04601383e+00
   58  Ce   13    1   NR            -5.26573515e+00             7.62195730e+00
   58  Ce   13    2   NR             5.15175676e+00             1.22571218e+00
   58  Ce   13    3   NR            -5.28159428e+00             4.47662741e-01
   58  Ce   13    4   NR             4.93267822e+00             2.55171835e-01
   58  Ce   13    5   NR            -2.24545050e+00             8.32283497e-02
   58  Ce   13    6   NR             2.03914523e+00             3.90932150e-02
   58  Ce   13    7   NR            -1.06046629e+00             2.40076371e-02
   58  Ce   13    8   NR             1.69364035e-01             1.20643629e-02
   58  Ce   13    9   NR            -7.23579200e-03             3.55584733e-03
   58  Ce   13   10   NR             7.96881213e-04             1.49355899e-03
   58  Ce   13   11   NR             4.55532754e-05             5.05187374e-04
   58  Ce   13   12   NR             1.15610177e-07             5.16729924e-05
   58  Ce   13   13   DP             6.84570312e+00             7.88086653e+00
   59  Pr   13    1   NR            -7.65223455e+00             8.24054050e+00
   59  Pr   13    2   NR             4.89757252e+00             1.40619135e+00
   59  Pr   13    3   NR            -4.28763056e+00             4.17330086e-01
   59  Pr   13    4   NR             4.39298773e+00             2.54259169e-01
   59  Pr   13    5   NR            -2.25321889e+00             7.13449940e-02
   59  Pr   13    6   NR             2.10841703e+00             3.99604514e-02
   59  Pr   13    7   NR            -8.76623034e-01             2.18749568e-02
   59  Pr   13    8   NR             1.82017699e-01             1.17659168e-02
   59  Pr   13    9   NR            -7.09385751e-03             3.41074867e-03
   59  Pr   13   10   NR             8.18067347e-04             1.48031279e-03
   59  Pr   13   11   NR             4.81131683e-05             4.97941452e-04
   59  Pr   13   12   NR             1.24374026e-07             5.07822406e-05
   59  Pr   13   13   DP             7.99491024e+00             8.48372078e+00
   60  Nd   13    1   NR            -7.12764740e+00             8.07044315e+00
   60  Nd   13    2   NR             4.66890478e+00             1.35714734e+00
   60  Nd   13    3   NR            -3.72134185e+00             4.00960565e-01
   60  Nd   13    4   NR             3.93388176e+00             2.36284062e-01
   60  Nd   13    5   NR            -1.98231947e+00             7.01784790e-02
   60  Nd   13    6   NR             2.00425625e+00             3.55110280e-02
   60  Nd   13    7   NR            -1.03644216e+00             2.15510316e-02
   60  Nd   13    8   NR             1.85993344e-01             1.14463074e-02
   60  Nd   13    9   NR            -6.82541821e-03             3.32035078e-03
   60  Nd   13   10   NR             7.16629263e-04             1.36210374e-03
   60  Nd   13   11   NR             3.87031614e-05             4.52073902e-04
   60  Nd   13   12   NR             1.06481195e-07             4.59817093e-05
   60  Nd   13   13   DP             7.59238815e+00             8.33939743e+00
   61  Pm   13    1   NR            -6.76838398e+00             7.95887375e+00
   61  Pm   13    2   NR             4.47053146e+00             1.30940413e+00
   61  Pm   13    3   NR            -3.17326713e+00             3.90975565e-01
   61  Pm   13    4   NR             3.45908380e+00             2.19233558e-01
   61  Pm   13    5   NR            -1.85573912e+00             6.77419826e-02
   61  Pm   13    6   NR             1.92191505e+00             3.29905525e-02
   61  Pm   13    7   NR            -1.08639431e+00             2.03967858e-02
   61  Pm   13    8   NR             2.10523218e-01             1.13565847e-02
   61  Pm   13    9   NR            -6.44692592e-03             3.16472468e-03
   61  Pm   13   10   NR             7.07160681e-04             1.31293444e-03
   61  Pm   13   11   NR             3.54107397e-05             4.25820355e-04
   61  Pm   13   12   NR             9.95640619e-08             4.30110740e-05
   61  Pm   13   13   DP             7.30380011e+00             8.20222473e+00
   62  Sm   13    1   NR            -6.37186193e+00             7.82786226e+00
   62  Sm   13    2   NR             4.29101181e+00             1.26461315e+00
   62  Sm   13    3   NR            -2.70345521e+00             3.84020925e-01
   62  Sm   13    4   NR             3.04872942e+00             2.03474432e-01
   62  Sm   13    5   NR            -1.77556777e+00             6.49946630e-02
   62  Sm   13    6   NR             1.82548630e+00             3.12680639e-02
   62  Sm   13    7   NR            -1.07233870e+00             1.91671010e-02
   62  Sm   13    8   NR             2.32638299e-01             1.11497128e-02
   62  Sm   13    9   NR            -6.28523389e-03             3.07597173e-03
   62  Sm   13   10   NR             6.55967859e-04             1.24634278e-03
   62  Sm   13   11   NR             3.22095038e-05             4.01341385e-04
   62  Sm   13   12   NR             9.45290139e-08             4.04273414e-05
   62  Sm   13   13   DP             6.99275017e+00             8.07406616e+00
   63  Eu   13    1   NR            -5.69147682e+00             7.55740643e+00
   63  Eu   13    2   NR             4.10820150e+00             1.22333515e+00
   63  Eu   13    3   NR            -2.48826361e+00             3.67138743e-01
   63  Eu   13    4   NR             2.85602283e+00             1.95401505e-01
   63  Eu   13    5   NR            -1.79220831e+00             5.98539785e-02
   63  Eu   13    6   NR             1.79689109e+00             3.10221836e-02
   63  Eu   13    7   NR            -9.45258260e-01             1.81194767e-02
   63  Eu   13    8   NR             2.15835676e-01             1.04642734e-02
   63  Eu   13    9   NR            -6.95559755e-03             3.25460150e-03
   63  Eu   13   10   NR             4.23411169e-04             9.89227439e-04
   63  Eu   13   11   NR             1.13532205e-05             2.67336989e-04
   63  Eu   13   12   NR             1.28109754e-08             1.74462457e-05
   63  Eu   13   13   DP             6.49008656e+00             7.95608997e+00
   64  Gd   13    1   NR            -2.92985058e+00             6.29687262e+00
   64  Gd   13    2   NR             4.36527967e+00             9.58866417e-01
   64  Gd   13    3   NR            -2.59546304e+00             4.42407787e-01
   64  Gd   13    4   NR             2.44718266e+00             1.58354759e-01
   64  Gd   13    5   NR            -1.78018308e+00             6.54078424e-02
   64  Gd   13    6   NR             1.67211866e+00             2.71803420e-02
   64  Gd   13    7   NR            -1.13757765e+00             1.75055135e-02
   64  Gd   13    8   NR             2.51213819e-01             1.04370676e-02
   64  Gd   13    9   NR            -6.55711861e-03             3.11005302e-03
   64  Gd   13   10   NR             4.16888972e-04             9.60973441e-04
   64  Gd   13   11   NR             1.09903740e-05             2.55213614e-04
   64  Gd   13   12   NR             1.15957448e-08             1.60061772e-05
   64  Gd   13   13   DP             4.91820621e+00             7.07432938e+00
   65  Tb   13    1   NR            -5.35516882e+00             7.46483946e+00
   65  Tb   13    2   NR             3.82830191e+00             1.13959885e+00
   65  Tb   13    3   NR            -1.76541090e+00             3.68943840e-01
   65  Tb   13    4   NR             2.25669384e+00             1.64421856e-01
   65  Tb   13    5   NR            -1.55129421e+00             5.85385561e-02
   65  Tb   13    6   NR             1.64325273e+00             2.61751115e-02
   65  Tb   13    7   NR            -1.12223399e+00             1.65425148e-02
   65  Tb   13    8   NR             2.77604520e-01             1.02831349e-02
   65  Tb   13    9   NR            -6.17822539e-03             2.96182279e-03
   65  Tb   13   10   NR             4.19058779e-04             9.42414452e-04
   65  Tb   13   11   NR             1.10744950e-05             2.47303076e-04
   65  Tb   13   12   NR             1.18460655e-08             1.54888385e-05
   65  Tb   13   13   DP             6.17680597e+00             7.71121073e+00
   66  Dy   13    1   NR            -5.06452417e+00             7.35359192e+00
   66  Dy   13    2   NR             3.68483639e+00             1.10482752e+00
   66  Dy   13    3   NR            -1.57579279e+00             3.60508233e-01
   66  Dy   13    4   NR             2.09732485e+00             1.55810088e-01
   66  Dy   13    5   NR            -1.50197029e+00             5.57665564e-02
   66  Dy   13    6   NR             1.58689225e+00             2.51610540e-02
   66  Dy   13    7   NR            -1.08197606e+00             1.57958847e-02
   66  Dy   13    8   NR             2.75131524e-01             9.88526829e-03
   66  Dy   13    9   NR            -6.25853427e-03             2.91184126e-03
   66  Dy   13   10   NR             3.89700581e-04             8.98317841e-04
   66  Dy   13   11   NR             1.03301381e-05             2.34465828e-04
   66  Dy   13   12   NR             1.18923715e-08             1.49006555e-05
   66  Dy   13   13   DP             5.93917751e+00             7.59915876e+00
   67  Ho   13    1   NR            -4.55869246e+00             7.12420654e+00
   67  Ho   13    2   NR             3.55359411e+00             1.07179022e+00
   67  Ho   13    3   NR            -1.39343297e+00             3.55006486e-01
   67  Ho   13    4   NR             1.95828557e+00             1.46582931e-01
   67  Ho   13    5   NR            -1.42999494e+00             5.41958995e-02
   67  Ho   13    6   NR             1.59459436e+00             2.34712400e-02
   67  Ho   13    7   NR            -1.15497720e+00             1.53377727e-02
   67  Ho   13    8   NR             2.78083354e-01             9.58631933e-03
   67  Ho   13    9   NR            -6.13585813e-03             2.82384199e-03
   67  Ho   13   10   NR             3.74812691e-04             8.66765040e-04
   67  Ho   13   11   NR             9.88385091e-06             2.23549592e-04
   67  Ho   13   12   NR             1.12672733e-08             1.39645263e-05
   67  Ho   13   13   DP             5.55896473e+00             7.49821043e+00
   68  Er   13    1   NR            -4.53186750e+00             7.13776779e+00
   68  Er   13    2   NR             3.41287661e+00             1.04330862e+00
   68  Er   13    3   NR            -1.26546907e+00             3.40704799e-01
   68  Er   13    4   NR             1.85872722e+00             1.41043797e-01
   68  Er   13    5   NR            -1.36356163e+00             5.17404824e-02
   68  Er   13    6   NR             1.54914844e+00             2.23920252e-02
   68  Er   13    7   NR            -1.15822065e+00             1.46032209e-02
   68  Er   13    8   NR             2.98691154e-01             9.37517267e-03
   68  Er   13    9   NR            -5.98510122e-03             2.73514213e-03
   68  Er   13   10   NR             3.61354061e-04             8.37659172e-04
   68  Er   13   11   NR             9.57587872e-06             2.14502870e-04
   68  Er   13   12   NR             1.17221441e-08             1.36420786e-05
   68  Er   13   13   DP             5.49862242e+00             7.38464260e+00
   69  Tm   13    1   NR            -3.97084975e+00             6.85351944e+00
   69  Tm   13    2   NR             3.29578328e+00             1.01393461e+00
   69  Tm   13    3   NR            -1.12227869e+00             3.35327625e-01
   69  Tm   13    4   NR             1.74503994e+00             1.33603111e-01
   69  Tm   13    5   NR            -1.31382275e+00             4.98858392e-02
   69  Tm   13    6   NR             1.51186073e+00             2.13325452e-02
   69  Tm   13    7   NR            -1.15877151e+00             1.40154948e-02
   69  Tm   13    8   NR             3.03519964e-01             9.08212550e-03
   69  Tm   13    9   NR            -5.93309291e-03             2.66643823e-03
   69  Tm   13   10   NR             3.43717140e-04             8.05373711e-04
   69  Tm   13   11   NR             9.08008042e-06             2.04071926e-04
   69  Tm   13   12   NR             1.11652074e-08             1.28297434e-05
   69  Tm   13   13   DP             5.08331871e+00             7.29433537e+00
   70  Yb   13    1   NR            -3.77221656e+00             6.76247120e+00
   70  Yb   13    2   NR             3.17380857e+00             9.88236010e-01
   70  Yb   13    3   NR            -1.00434327e+00             3.24436694e-01
   70  Yb   13    4   NR             1.65700722e+00             1.27908692e-01
   70  Yb   13    5   NR            -1.26077592e+00             4.79339138e-02
   70  Yb   13    6   NR             1.46055281e+00             2.04043202e-02
   70  Yb   13    7   NR            -1.15300500e+00             1.33664981e-02
   70  Yb   13    8   NR             3.21189940e-01             8.85596126e-03
   70  Yb   13    9   NR            -5.82826976e-03             2.59135128e-03
   70  Yb   13   10   NR             3.29361385e-04             7.76790199e-04
   70  Yb   13   11   NR             8.71099655e-06             1.95037879e-04
   70  Yb   13   12   NR             1.10233778e-08             1.22511092e-05
   70  Yb   13   13   DP             4.90986109e+00             7.19226551e+00
   71  Lu   13    1   NR             9.22736359e+00             7.11633253e+00
   71  Lu   13    2   NR            -5.32265949e+00             5.02213192e+00
   71  Lu   13    3   NR             3.16748524e+00             8.22622538e-01
   71  Lu   13    4   NR            -1.27973628e+00             3.43609333e-01
   71  Lu   13    5   NR             1.68283057e+00             1.18342057e-01
   71  Lu   13    6   NR            -1.26459980e+00             4.85958681e-02
   71  Lu   13    7   NR             1.22368193e+00             1.95398014e-02
   71  Lu   13    8   NR            -6.98857848e-03             8.43534991e-03
   71  Lu   13    9   NR            -5.20140957e-03             2.43747490e-03
   71  Lu   13   10   NR             3.34182463e-04             7.64057739e-04
   71  Lu   13   11   NR             8.71334669e-06             1.88850274e-04
   71  Lu   13   12   NR             1.13160850e-08             1.18945982e-05
   71  Lu   13   13   DP            -4.39263284e-01             1.04810745e-02
   72  Hf   13    1   NR             1.02262459e+01             6.21693850e+00
   72  Hf   13    2   NR            -6.13290262e+00             4.94437790e+00
   72  Hf   13    3   NR             3.39907455e+00             6.80394351e-01
   72  Hf   13    4   NR            -1.78597593e+00             3.66880357e-01
   72  Hf   13    5   NR             1.75721025e+00             1.07506484e-01
   72  Hf   13    6   NR            -1.33969009e+00             4.97464910e-02
   72  Hf   13    7   NR             1.19185162e+00             1.82641875e-02
   72  Hf   13    8   NR            -8.16395599e-03             5.86089585e-03
   72  Hf   13    9   NR            -4.80022933e-03             2.33113905e-03
   72  Hf   13   10   NR             3.24088964e-04             7.38809467e-04
   72  Hf   13   11   NR             8.29896271e-06             1.79979106e-04
   72  Hf   13   12   NR             1.09103517e-08             1.12465941e-05
   72  Hf   13   13   DP            -4.56170708e-01             1.00602228e-02
   73  Ta   13    1   NR             1.25577326e+01             5.66955900e+00
   73  Ta   13    2   NR            -8.40503407e+00             5.03011417e+00
   73  Ta   13    3   NR             2.78464723e+00             6.51733994e-01
   73  Ta   13    4   NR            -1.54678905e+00             2.89450288e-01
   73  Ta   13    5   NR             1.84358609e+00             1.09819219e-01
   73  Ta   13    6   NR            -1.26301169e+00             4.67932150e-02
   73  Ta   13    7   NR             1.23600769e+00             1.75036117e-02
   73  Ta   13    8   NR            -3.98337767e-02             9.18177515e-03
   73  Ta   13    9   NR            -5.12790214e-03             2.33109551e-03
   73  Ta   13   10   NR             2.96190294e-04             7.01620884e-04
   73  Ta   13   11   NR             7.72319891e-06             1.70734056e-04
   73  Ta   13   12   NR             1.11407852e-08             1.09179909e-05
   73  Ta   13   13   DP            -4.62619662e-01             9.87976044e-03
   74   W   13    1   NR             9.47159004e+00             5.50859261e+00
   74   W   13    2   NR            -5.35858297e+00             4.98340034e+00
   74   W   13    3   NR             2.25001049e+00             6.77361906e-01
   74   W   13    4   NR            -3.52960992e+00             1.74025685e-01
   74   W   13    5   NR             4.14383173e+00             1.32444635e-01
   74   W   13    6   NR            -1.14163101e+00             4.37999405e-02
   74   W   13    7   NR             1.29565132e+00             1.65694524e-02
   74   W   13    8   NR            -5.35788387e-02             8.32532905e-03
   74   W   13    9   NR            -4.96796332e-03             2.25960533e-03
   74   W   13   10   NR             2.83764908e-04             6.76177791e-04
   74   W   13   11   NR             7.29560634e-06             1.62105018e-04
   74   W   13   12   NR             1.02548343e-08             1.01151618e-05
   74   W   13   13   DP            -4.99009848e-01             9.62436479e-03
   75  Re   13    1   NR             1.13862681e+00             2.89977598e+00
   75  Re   13    2   NR             2.10809946e+00             6.25456691e-01
   75  Re   13    3   NR            -3.31436944e+00             1.69239566e-01
   75  Re   13    4   NR             3.89490080e+00             1.25328049e-01
   75  Re   13    5   NR            -1.16222918e+00             4.20745239e-02
   75  Re   13    6   NR             1.53374541e+00             1.57716963e-02
   75  Re   13    7   NR            -1.43900514e+00             1.12232473e-02
   75  Re   13    8   NR             4.07484293e-01             7.83226732e-03
   75  Re   13    9   NR            -5.39612863e-03             2.27449043e-03
   75  Re   13   10   NR             2.56463740e-04             6.39623147e-04
   75  Re   13   11   NR             6.74892362e-06             1.53539542e-04
   75  Re   13   12   NR             1.05184492e-08             9.83815789e-06
   75  Re   13   13   DP             2.00020576e+00             4.80603504e+00
   76  Os   13    1   NR             3.63214231e+00             5.31098366e+00
   76  Os   13    2   NR             9.79428411e-01             1.23192489e+00
   76  Os   13    3   NR             2.10785365e+00             4.48214799e-01
   76  Os   13    4   NR            -2.07645822e+00             2.25774169e-01
   76  Os   13    5   NR             2.19333649e+00             1.00553982e-01
   76  Os   13    6   NR            -1.28946257e+00             4.33444455e-02
   76  Os   13    7   NR             1.14754140e+00             1.56551469e-02
   76  Os   13    8   NR            -1.29901841e-02             5.25976857e-03
   76  Os   13    9   NR            -4.49357927e-03             2.10986915e-03
   76  Os   13   10   NR             2.61359586e-04             6.30087394e-04
   76  Os   13   11   NR             6.68761004e-06             1.48046136e-04
   76  Os   13   12   NR             1.01135891e-08             9.28498230e-06
   76  Os   13   13   DP            -4.46932375e-01             8.77457857e-03
   77  Ir   13    1   NR             3.31234956e+00             5.07876968e+00
   77  Ir   13    2   NR             1.16819406e+00             1.34395778e+00
   77  Ir   13    3   NR             1.87688303e+00             4.55696315e-01
   77  Ir   13    4   NR            -1.90992558e+00             2.02508256e-01
   77  Ir   13    5   NR             2.35752225e+00             9.44837704e-02
   77  Ir   13    6   NR            -1.37627339e+00             4.35350798e-02
   77  Ir   13    7   NR             1.11583710e+00             1.49712060e-02
   77  Ir   13    8   NR            -1.24811856e-02             4.60059242e-03
   77  Ir   13    9   NR            -3.94813344e-03             1.99390086e-03
   77  Ir   13   10   NR             2.58436019e-04             6.14865392e-04
   77  Ir   13   11   NR             6.59943589e-06             1.43273748e-04
   77  Ir   13   12   NR             1.11497203e-08             9.32023795e-06
   77  Ir   13   13   DP            -4.43184286e-01             8.44440795e-03
   78  Pt   13    1   NR             2.01429653e+00             5.25685835e+00
   78  Pt   13    2   NR             1.73051226e+00             1.83067620e+00
   78  Pt   13    3   NR             1.66872668e+00             5.99939942e-01
   78  Pt   13    4   NR            -2.34620833e+00             1.45867109e-01
   78  Pt   13    5   NR             3.43459916e+00             9.54305902e-02
   78  Pt   13    6   NR            -1.47637022e+00             4.50162403e-02
   78  Pt   13    7   NR             1.19724429e+00             1.36423586e-02
   78  Pt   13    8   NR            -3.26119699e-02             4.94971639e-03
   78  Pt   13    9   NR            -3.48342280e-03             1.86824240e-03
   78  Pt   13   10   NR             2.63568276e-04             6.05595589e-04
   78  Pt   13   11   NR             6.49172671e-06             1.37715688e-04
   78  Pt   13   12   NR             1.03037392e-08             8.64197045e-06
   78  Pt   13   13   DP            -5.20124495e-01             8.18553194e-03
   79  Au   13    1   NR             1.79776394e+00             5.12788200e+00
   79  Au   13    2   NR             1.85961330e+00             1.73779678e+00
   79  Au   13    3   NR             1.66052926e+00             5.89899421e-01
   79  Au   13    4   NR            -2.17648005e+00             1.41810551e-01
   79  Au   13    5   NR             3.42792177e+00             8.79593119e-02
   79  Au   13    6   NR            -1.64817095e+00             4.51397859e-02
   79  Au   13    7   NR             1.20877445e+00             1.30592883e-02
   79  Au   13    8   NR            -3.94750349e-02             4.98151314e-03
   79  Au   13    9   NR            -3.53180361e-03             1.84127351e-03
   79  Au   13   10   NR             2.47203017e-04             5.81565546e-04
   79  Au   13   11   NR             6.26826477e-06             1.32615562e-04
   79  Au   13   12   NR             1.16319931e-08             8.76203194e-06
   79  Au   13   13   DP            -5.31928003e-01             7.94211682e-03
   80  Hg   13    1   NR             2.57731605e+00             4.56633854e+00
   80  Hg   13    2   NR             1.62272263e+00             1.28368711e+00
   80  Hg   13    3   NR             1.53232026e+00             4.66286898e-01
   80  Hg   13    4   NR            -1.85738122e+00             1.55346215e-01
   80  Hg   13    5   NR             3.10409307e+00             7.83737302e-02
   80  Hg   13    6   NR            -1.87007999e+00             4.43091765e-02
   80  Hg   13    7   NR             1.13882446e+00             1.29370857e-02
   80  Hg   13    8   NR            -2.95747314e-02             4.77955071e-03
   80  Hg   13    9   NR            -3.77420499e-03             1.85158872e-03
   80  Hg   13   10   NR             2.22688352e-04             5.49638236e-04
   80  Hg   13   11   NR             5.71229384e-06             1.24278973e-04
   80  Hg   13   12   NR             1.00641087e-08             7.91335060e-06
   80  Hg   13   13   DP            -4.85776156e-01             7.69183505e-03
   81  Tl   13    1   NR             2.28179646e+00             9.18519783e+00
   81  Tl   13    2   NR             1.91984463e+00             2.61885476e+00
   81  Tl   13    3   NR             2.13341570e+00             6.16813242e-01
   81  Tl   13    4   NR            -3.41976428e+00             1.11202516e-01
   81  Tl   13    5   NR             5.89356804e+00             7.67179504e-02
   81  Tl   13    6   NR            -2.83709002e+00             4.85292003e-02
   81  Tl   13    7   NR             1.21352458e+00             1.19101591e-02
   81  Tl   13    8   NR            -4.81375009e-02             4.64152358e-03
   81  Tl   13    9   NR            -3.11727636e-03             1.70916133e-03
   81  Tl   13   10   NR             2.29824334e-04             5.44080976e-04
   81  Tl   13   11   NR             5.71344481e-06             1.20408229e-04
   81  Tl   13   12   NR             1.00801181e-08             7.60775447e-06
   81  Tl   13   13   DP            -5.52180827e-01             7.41589814e-03
   82  Pb   13    1   NR             3.38827229e+00             6.99465847e+00
   82  Pb   13    2   NR             1.22882831e+00             2.26482773e+00
   82  Pb   13    3   NR             2.16222382e+00             5.45240104e-01
   82  Pb   13    4   NR            -4.21303558e+00             1.08422361e-01
   82  Pb   13    5   NR             6.09298706e+00             7.84408301e-02
   82  Pb   13    6   NR            -2.36820364e+00             4.50606234e-02
   82  Pb   13    7   NR             1.26715088e+00             1.15348371e-02
   82  Pb   13    8   NR            -6.23991899e-02             4.85631730e-03
   82  Pb   13    9   NR            -3.42062395e-03             1.72346097e-03
   82  Pb   13   10   NR             2.10268452e-04             5.18317684e-04
   82  Pb   13   11   NR             5.39739494e-06             1.14684226e-04
   82  Pb   13   12   NR             1.00490416e-08             7.30439660e-06
   82  Pb   13   13   DP            -5.73369205e-01             7.26891914e-03
   83  Bi   13    1   NR             3.88666558e+00             5.66122866e+00
   83  Bi   13    2   NR             9.06337202e-01             2.65458965e+00
   83  Bi   13    3   NR             2.28809690e+00             4.72942740e-01
   83  Bi   13    4   NR            -2.82881331e+00             1.20285615e-01
   83  Bi   13    5   NR             4.26928806e+00             7.21868500e-02
   83  Bi   13    6   NR            -2.14402556e+00             4.10910808e-02
   83  Bi   13    7   NR            -1.10450208e-01             2.05150228e-02
   83  Bi   13    8   NR             9.87223864e-01             1.31945247e-02
   83  Bi   13    9   NR            -5.51374257e-03             1.95689080e-03
   83  Bi   13   10   NR             1.57360468e-04             4.56069596e-04
   83  Bi   13   11   NR             4.29024385e-06             1.03533326e-04
   83  Bi   13   12   NR             1.00993089e-08             7.05984758e-06
   83  Bi   13   13   DP            -3.35909665e-01             6.94394624e-03
   84  Po   13    1   NR             4.19004011e+00             4.69881964e+00
   84  Po   13    2   NR             1.52712333e+00             2.30817509e+00
   84  Po   13    3   NR            -8.76622319e-01             1.47488713e+00
   84  Po   13    4   NR             2.57730699e+00             4.02095169e-01
   84  Po   13    5   NR            -3.93196535e+00             1.22775242e-01
   84  Po   13    6   NR             4.05060053e+00             8.39743242e-02
   84  Po   13    7   NR            -1.70541537e+00             2.73869652e-02
   84  Po   13    8   NR             2.32894850e+00             1.40518360e-02
   84  Po   13    9   NR            -1.44349945e+00             1.11398380e-02
   84  Po   13   10   NR             1.19717763e-04             3.99763201e-04
   84  Po   13   11   NR             3.25997098e-06             9.20890307e-05
   84  Po   13   12   NR             1.02957358e-08             6.88179034e-06
   84  Po   13   13   DP             3.08993552e-02             3.01827933e-03
   85  At   13    1   NR             4.23812628e+00             4.07685947e+00
   85  At   13    2   NR             1.73706782e+00             2.25738311e+00
   85  At   13    3   NR            -1.21486998e+00             1.09943640e+00
   85  At   13    4   NR             2.92791653e+00             3.57833028e-01
   85  At   13    5   NR            -5.51464653e+00             1.16629787e-01
   85  At   13    6   NR             5.32133436e+00             8.60881507e-02
   85  At   13    7   NR            -1.81260383e+00             2.54241060e-02
   85  At   13    8   NR             2.37130976e+00             1.40556432e-02
   85  At   13    9   NR            -1.33660448e+00             1.08445995e-02
   85  At   13   10   NR             1.15679140e-04             3.87940789e-04
   85  At   13   11   NR             3.20536810e-06             8.86589260e-05
   85  At   13   12   NR             1.00161950e-08             6.52349490e-06
   85  At   13   13   DP             2.99412012e-02             2.92894267e-03
   86  Rn   13    1   NR             4.46654701e+00             3.57574081e+00
   86  Rn   13    2   NR             2.16317201e+00             1.90618122e+00
   86  Rn   13    3   NR            -1.93793023e+00             9.97844696e-01
   86  Rn   13    4   NR             3.36870122e+00             3.15135509e-01
   86  Rn   13    5   NR            -5.86628437e+00             1.16507865e-01
   86  Rn   13    6   NR             5.29346561e+00             8.33205655e-02
   86  Rn   13    7   NR            -1.89457381e+00             2.43129116e-02
   86  Rn   13    8   NR             2.48964405e+00             1.37678832e-02
   86  Rn   13    9   NR            -1.37798440e+00             1.06381513e-02
   86  Rn   13   10   NR             1.12034635e-04             3.77155811e-04
   86  Rn   13   11   NR             3.18164280e-06             8.57242194e-05
   86  Rn   13   12   NR             1.00035278e-08             6.26294286e-06
   86  Rn   13   13   DP             2.90299989e-02             2.84255948e-03
   87  Fr   15    1   NR            -7.63836956e+00             1.09513779e+01
   87  Fr   15    2   NR             6.24610710e+00             2.71214819e+00
   87  Fr   15    3   NR            -2.29863119e+00             5.60022712e-01
   87  Fr   15    4   NR             5.47977448e+00             2.81640112e-01
   87  Fr   15    5   NR            -4.58511972e+00             1.42968863e-01
   87  Fr   15    6   NR             3.12277889e+00             6.54831454e-02
   87  Fr   15    7   NR            -1.89112365e+00             2.77805328e-02
   87  Fr   15    8   NR             1.12272453e+00             1.45189920e-02
   87  Fr   15    9   NR            -5.25646627e-01             6.90933596e-03
   87  Fr   15   10   NR             2.19421670e-01             4.82293824e-03
   87  Fr   15   11   NR            -7.44093396e-03             1.93684199e-03
   87  Fr   15   12   NR             1.17933108e-04             4.01260826e-04
   87  Fr   15   13   NR             7.66423636e-06             1.32427886e-04
   87  Fr   15   14   NR             7.48514566e-08             1.34478905e-05
   87  Fr   15   15   DP             6.74565697e+00             1.19143696e+01
   88  Ra   15    1   NR             4.09893684e+01             9.34799480e+00
   88  Ra   15    2   NR            -3.64887085e+01             8.22161961e+00
   88  Ra   15    3   NR             6.29966640e+00             1.80858266e+00
   88  Ra   15    4   NR            -5.65127563e+00             5.48179626e-01
   88  Ra   15    5   NR             6.38489723e+00             3.44171673e-01
   88  Ra   15    6   NR            -4.06525230e+00             1.07040733e-01
   88  Ra   15    7   NR             5.05124378e+00             5.83616383e-02
   88  Ra   15    8   NR            -2.73800898e+00             3.42265405e-02
   88  Ra   15    9   NR             8.40789378e-01             1.25609059e-02
   88  Ra   15   10   NR             2.91997828e-02             4.88203671e-03
   88  Ra   15   11   NR            -6.42624404e-03             1.84941338e-03
   88  Ra   15   12   NR             1.10815396e-04             3.61052196e-04
   88  Ra   15   13   NR             3.07142977e-06             7.96413951e-05
   88  Ra   15   14   NR             1.04873763e-08             5.89497586e-06
   88  Ra   15   15   DP            -2.39571467e-01             5.75703429e-03
   89  Ac   15    1   NR             3.32714577e+01             7.96376705e+00
   89  Ac   15    2   NR            -2.77492466e+01             6.94984055e+00
   89  Ac   15    3   NR             6.49588299e+00             1.33969843e+00
   89  Ac   15    4   NR            -5.53673983e+00             5.85657477e-01
   89  Ac   15    5   NR             5.74115849e+00             2.81248838e-01
   89  Ac   15    6   NR            -4.14972353e+00             1.16626233e-01
   89  Ac   15    7   NR             4.67518950e+00             5.25267199e-02
   89  Ac   15    8   NR            -3.17274642e+00             3.20201553e-02
   89  Ac   15    9   NR             6.59404635e-01             1.59045309e-02
   89  Ac   15   10   NR             4.91408557e-01             9.50773899e-03
   89  Ac   15   11   NR            -6.36331365e-03             1.81339739e-03
   89  Ac   15   12   NR             1.03656974e-04             3.44517961e-04
   89  Ac   15   13   NR             2.84749649e-06             7.51556290e-05
   89  Ac   15   14   NR             1.01481552e-08             5.58810416e-06
   89  Ac   15   15   DP            -2.93680757e-01             5.67081710e-03
   90  Th   15    1   NR             3.00246582e+01             7.02688217e+00
   90  Th   15    2   NR            -2.38897800e+01             6.23964787e+00
   90  Th   15    3   NR             6.69642162e+00             1.07133150e+00
   90  Th   15    4   NR            -7.14464331e+00             5.39066970e-01
   90  Th   15    5   NR             6.28238487e+00             2.74685085e-01
   90  Th   15    6   NR            -5.02248526e+00             1.01119079e-01
   90  Th   15    7   NR             5.52911520e+00             5.48133925e-02
   90  Th   15    8   NR            -2.96292162e+00             3.16712297e-02
   90  Th   15    9   NR             5.41820168e-01             1.46527160e-02
   90  Th   15   10   NR             5.05340278e-01             9.53875389e-03
   90  Th   15   11   NR            -5.91437565e-03             1.74506311e-03
   90  Th   15   12   NR             1.00658544e-04             3.35164921e-04
   90  Th   15   13   NR             2.81312714e-06             7.25104401e-05
   90  Th   15   14   NR             1.00257953e-08             5.33796492e-06
   90  Th   15   15   DP            -2.90406138e-01             5.55768795e-03
   91  Pa   15    1   NR             3.36025772e+01             7.50463820e+00
   91  Pa   15    2   NR            -2.82833843e+01             6.72009563e+00
   91  Pa   15    3   NR             5.97963333e+00             1.22071218e+00
   91  Pa   15    4   NR            -4.56547451e+00             5.27025342e-01
   91  Pa   15    5   NR             4.99992037e+00             2.40050167e-01
   91  Pa   15    6   NR            -4.80377150e+00             9.75043848e-02
   91  Pa   15    7   NR             6.21573544e+00             4.94704768e-02
   91  Pa   15    8   NR            -3.86232519e+00             3.25831622e-02
   91  Pa   15    9   NR             6.13107920e-01             1.33915301e-02
   91  Pa   15   10   NR             3.79564315e-01             8.77306052e-03
   91  Pa   15   11   NR            -6.07625907e-03             1.72477704e-03
   91  Pa   15   12   NR             9.35959833e-05             3.19048209e-04
   91  Pa   15   13   NR             2.60578327e-06             6.85023406e-05
   91  Pa   15   14   NR             1.00031334e-08             5.11817370e-06
   91  Pa   15   15   DP            -2.80797422e-01             5.36687672e-03
   92   U   15    1   NR             3.30357018e+01             7.34763813e+00
   92   U   15    2   NR            -2.78619728e+01             6.61454439e+00
   92   U   15    3   NR             5.60376024e+00             1.18965709e+00
   92   U   15    4   NR            -4.64350605e+00             4.66666728e-01
   92   U   15    5   NR             4.93095541e+00             2.47202322e-01
   92   U   15    6   NR            -8.13086033e+00             7.66590014e-02
   92   U   15    7   NR             9.51074982e+00             5.50720543e-02
   92   U   15    8   NR            -3.28310323e+00             3.16977724e-02
   92   U   15    9   NR             8.24685633e-01             1.11749414e-02
   92   U   15   10   NR             1.24477260e-02             3.09094507e-03
   92   U   15   11   NR            -7.52235204e-03             1.75792340e-03
   92   U   15   12   NR             8.63061068e-05             3.02589178e-04
   92   U   15   13   NR             2.39530914e-06             6.45820328e-05
   92   U   15   14   NR             1.01477333e-08             4.95172981e-06
   92   U   15   15   DP            -2.26493254e-01             5.25390636e-03
   93  Np   15    1   NR             2.87855434e+01             7.24895525e+00
   93  Np   15    2   NR            -2.37527542e+01             6.45687294e+00
   93  Np   15    3   NR             5.45073175e+00             1.15037692e+00
   93  Np   15    4   NR            -3.58211684e+00             4.71343279e-01
   93  Np   15    5   NR             4.45886612e+00             2.07035244e-01
   93  Np   15    6   NR            -5.87863779e+00             8.44534636e-02
   93  Np   15    7   NR             5.92717552e+00             5.17065488e-02
   93  Np   15    8   NR            -2.83424830e+00             2.60155667e-02
   93  Np   15    9   NR             1.04964769e+00             1.38558596e-02
   93  Np   15   10   NR             2.15288609e-01             6.56713592e-03
   93  Np   15   11   NR            -8.20367038e-03             1.78262545e-03
   93  Np   15   12   NR             7.49416067e-05             2.76152336e-04
   93  Np   15   13   NR             1.87198009e-06             5.73997968e-05
   93  Np   15   14   NR             1.00107496e-08             4.73970204e-06
   93  Np   15   15   DP            -2.42799759e-01             4.81894193e-03
   94  Pu   15    1   NR             2.88709164e+01             8.01562977e+00
   94  Pu   15    2   NR            -2.46591587e+01             7.13348579e+00
   94  Pu   15    3   NR             4.95973682e+00             1.34730411e+00
   94  Pu   15    4   NR            -4.36868620e+00             3.38908076e-01
   94  Pu   15    5   NR             5.64058495e+00             2.32417881e-01
   94  Pu   15    6   NR            -5.28291988e+00             7.42904618e-02
   94  Pu   15    7   NR            -1.57254922e+00             2.89028492e-02
   94  Pu   15    8   NR             8.31781089e-01             1.08082565e-02
   94  Pu   15    9   NR            -4.87546027e-01             5.86041575e-03
   94  Pu   15   10   NR             1.69164225e-01             3.85370851e-03
   94  Pu   15   11   NR            -8.06041062e-03             1.72762014e-03
   94  Pu   15   12   NR             7.35568756e-05             2.71047204e-04
   94  Pu   15   13   NR             1.95260486e-06             5.65071678e-05
   94  Pu   15   14   NR             1.00439932e-08             4.54694327e-06
   94  Pu   15   15   DP             3.36298513e+00             3.90999019e-02
   95  Am   15    1   NR             1.13204269e+01             8.42791462e+00
   95  Am   15    2   NR             7.15800047e+00             9.94572461e-01
   95  Am   15    3   NR            -4.26594162e+00             6.59190834e-01
   95  Am   15    4   NR             3.72685146e+00             1.52827799e-01
   95  Am   15    5   NR            -6.76252747e+00             7.76946768e-02
   95  Am   15    6   NR             7.06902504e+00             4.69709411e-02
   95  Am   15    7   NR            -3.28118682e+00             2.77616289e-02
   95  Am   15    8   NR             8.64628792e-01             1.09612523e-02
   95  Am   15    9   NR            -4.60742921e-01             5.62027423e-03
   95  Am   15   10   NR             1.72528282e-01             3.78209306e-03
   95  Am   15   11   NR            -7.54223950e-03             1.66818080e-03
   95  Am   15   12   NR             7.11849061e-05             2.63721769e-04
   95  Am   15   13   NR             1.95854273e-06             5.48434546e-05
   95  Am   15   14   NR             1.00433644e-08             4.35989614e-06
   95  Am   15   15   DP            -4.39139318e+00             4.71095896e+00
   96  Cm   15    1   NR             9.10676670e+00             7.60009861e+00
   96  Cm   15    2   NR             6.61877298e+00             8.88625443e-01
   96  Cm   15    3   NR            -4.15226603e+00             5.64337313e-01
   96  Cm   15    4   NR             3.30389857e+00             1.58576861e-01
   96  Cm   15    5   NR            -7.68160629e+00             6.79547042e-02
   96  Cm   15    6   NR             9.30821991e+00             4.55159172e-02
   96  Cm   15    7   NR            -3.98561692e+00             2.85379849e-02
   96  Cm   15    8   NR             8.57355058e-01             1.02025215e-02
   96  Cm   15    9   NR            -4.96740311e-01             5.67504810e-03
   96  Cm   15   10   NR             1.60589248e-01             3.70561052e-03
   96  Cm   15   11   NR            -6.63887104e-03             1.58867508e-03
   96  Cm   15   12   NR             7.02033576e-05             2.59474269e-04
   96  Cm   15   13   NR             2.04071148e-06             5.39734538e-05
   96  Cm   15   14   NR             1.01407611e-08             4.19197750e-06
   96  Cm   15   15   DP            -2.71522999e+00             3.82823420e+00
   97  Bk   15    1   NR             2.76255455e+01             7.59761333e+00
   97  Bk   15    2   NR            -2.37479801e+01             6.83071947e+00
   97  Bk   15    3   NR             4.53521633e+00             1.21357465e+00
   97  Bk   15    4   NR            -1.81678760e+00             3.17705721e-01
   97  Bk   15    5   NR             3.43739057e+00             1.71469450e-01
   97  Bk   15    6   NR             5.49200678e+00             4.17282023e-02
   97  Bk   15    7   NR            -3.60657048e+00             2.61913277e-02
   97  Bk   15    8   NR             8.99293661e-01             1.06080836e-02
   97  Bk   15    9   NR            -3.96758258e-01             5.62260300e-03
   97  Bk   15   10   NR             1.11107662e-01             3.28785065e-03
   97  Bk   15   11   NR            -9.31619387e-03             1.66734355e-03
   97  Bk   15   12   NR             6.12396252e-05             2.37178378e-04
   97  Bk   15   13   NR             1.62364506e-06             4.82169417e-05
   97  Bk   15   14   NR             1.00031281e-08             4.00322551e-06
   97  Bk   15   15   DP            -2.62103367e+00             5.75278401e-02
   98  Cf   15    1   NR            -3.44637871e+00             6.76815939e+00
   98  Cf   15    2   NR             4.37781000e+00             1.17532206e+00
   98  Cf   15    3   NR            -1.34981334e+00             3.05460721e-01
   98  Cf   15    4   NR             3.44340611e+00             1.49862066e-01
   98  Cf   15    5   NR            -5.65651274e+00             6.82235882e-02
   98  Cf   15    6   NR             6.53220081e+00             4.07758802e-02
   98  Cf   15    7   NR            -3.45206094e+00             2.41701826e-02
   98  Cf   15    8   NR             9.58988667e-01             1.12617109e-02
   98  Cf   15    9   NR            -3.68735135e-01             4.97009605e-03
   98  Cf   15   10   NR             1.58055156e-01             3.40428599e-03
   98  Cf   15   11   NR            -8.39496218e-03             1.60991517e-03
   98  Cf   15   12   NR             5.77163228e-05             2.26733682e-04
   98  Cf   15   13   NR             1.51951076e-06             4.57216302e-05
   98  Cf   15   14   NR             1.02931743e-08             3.88711987e-06
   98  Cf   15   15   DP             4.82549381e+00             7.12970352e+00
   99  Es   15    1   NR             2.68290215e+01             7.34131908e+00
   99  Es   15    2   NR            -2.31293545e+01             6.63890600e+00
   99  Es   15    3   NR             4.24321842e+00             1.14070857e+00
   99  Es   15    4   NR            -1.11021733e+00             2.87718296e-01
   99  Es   15    5   NR             3.15847683e+00             1.42367512e-01
   99  Es   15    6   NR            -5.66514111e+00             6.42729402e-02
   99  Es   15    7   NR             7.23411369e+00             3.85864079e-02
   99  Es   15    8   NR            -3.95892525e+00             2.45712232e-02
   99  Es   15    9   NR             8.87825787e-01             1.06788045e-02
   99  Es   15   10   NR             2.02961173e-02             3.04796034e-03
   99  Es   15   11   NR            -5.62246470e-03             1.44462835e-03
   99  Es   15   12   NR             6.23734741e-05             2.36826076e-04
   99  Es   15   13   NR             1.98768203e-06             4.88003861e-05
   99  Es   15   14   NR             1.03666844e-08             3.71640476e-06
   99  Es   15   15   DP            -1.56904340e-01             4.22146451e-03
  100  Fm   15    1   NR             2.23063469e+01             7.27804184e+00
  100  Fm   15    2   NR            -1.86926537e+01             6.46787214e+00
  100  Fm   15    3   NR             4.09073877e+00             1.11137199e+00
  100  Fm   15    4   NR            -1.12521994e+00             2.40018919e-01
  100  Fm   15    5   NR             3.49102807e+00             1.34333491e-01
  100  Fm   15    6   NR            -6.28781748e+00             6.36508614e-02
  100  Fm   15    7   NR             6.05905199e+00             4.15408686e-02
  100  Fm   15    8   NR            -2.66394258e+00             1.99742131e-02
  100  Fm   15    9   NR             1.28136206e+00             1.06294528e-02
  100  Fm   15   10   NR            -3.85639429e-01             5.99594228e-03
  100  Fm   15   11   NR             5.28069679e-03             2.19395943e-03
  100  Fm   15   12   NR             4.83258409e-05             2.00437120e-04
  100  Fm   15   13   NR             1.17940863e-06             3.91096437e-05
  100  Fm   15   14   NR             1.00304183e-08             3.54030908e-06
  100  Fm   15   15   DP             2.44569816e-02             2.07207818e-03
  101  Md   15    1   NR             1.49263477e+01             7.15777731e+00
  101  Md   15    2   NR            -5.24973917e+00             1.94317555e+00
  101  Md   15    3   NR             7.42530680e+00             1.34701443e+00
  101  Md   15    4   NR             6.50277328e+00             8.60273242e-02
  101  Md   15    5   NR            -1.36527472e+01             6.06831163e-02
  101  Md   15    6   NR             1.13338785e+01             4.07895111e-02
  101  Md   15    7   NR            -4.03500986e+00             2.52658240e-02
  101  Md   15    8   NR             8.66765499e-01             8.55917111e-03
  101  Md   15    9   NR            -5.16840816e-01             5.33471676e-03
  101  Md   15   10   NR             1.16608247e-01             3.19228577e-03
  101  Md   15   11   NR            -5.30244317e-03             1.37304387e-03
  101  Md   15   12   NR             5.58988213e-05             2.18608911e-04
  101  Md   15   13   NR             1.84103135e-06             4.48419778e-05
  101  Md   15   14   NR             1.10597824e-08             3.50420009e-06
  101  Md   15   15   DP            -6.49689865e+00             4.83498335e+00
  102  No   15    1   NR             1.25495968e+01             7.14981842e+00
  102  No   15    2   NR            -5.26251507e+00             1.70180559e+00
  102  No   15    3   NR             7.83742142e+00             1.27841473e+00
  102  No   15    4   NR             3.38567328e+00             9.48936865e-02
  102  No   15    5   NR            -8.51419926e+00             5.61790839e-02
  102  No   15    6   NR             9.92943573e+00             3.63652334e-02
  102  No   15    7   NR            -4.71772480e+00             2.43887603e-02
  102  No   15    8   NR             8.89743924e-01             8.73874314e-03
  102  No   15    9   NR            -4.52314675e-01             5.34991641e-03
  102  No   15   10   NR             8.48784596e-02             2.89785536e-03
  102  No   15   11   NR            -6.21459447e-03             1.38633139e-03
  102  No   15   12   NR             5.24307761e-05             2.09626669e-04
  102  No   15   13   NR             1.76762035e-06             4.25776707e-05
  102  No   15   14   NR             1.00898525e-08             3.21778498e-06
  102  No   15   15   DP            -5.26765919e+00             4.64709091e+00
  103  Lr   15    1   NR             5.17201948e+00             1.41226015e+01
  103  Lr   15    2   NR            -1.31477795e+01             1.97068548e+00
  103  Lr   15    3   NR             1.14282799e+01             1.32844055e+00
  103  Lr   15    4   NR             6.74743986e+00             7.96169117e-02
  103  Lr   15    5   NR            -1.20767746e+01             5.89433648e-02
  103  Lr   15    6   NR             8.91251373e+00             3.70831341e-02
  103  Lr   15    7   NR            -3.61763692e+00             2.21969411e-02
  103  Lr   15    8   NR             8.53860497e-01             9.16166790e-03
  103  Lr   15    9   NR            -3.71196955e-01             4.78519034e-03
  103  Lr   15   10   NR             1.10378377e-01             2.99124280e-03
  103  Lr   15   11   NR            -5.31826355e-03             1.32167910e-03
  103  Lr   15   12   NR             5.05008538e-05             2.03572257e-04
  103  Lr   15   13   NR             1.75796549e-06             4.12126537e-05
  103  Lr   15   14   NR             1.02244169e-08             3.09663096e-06
  103  Lr   15   15   DP             3.60389757e+00             2.33300066e+00
  104  Rf   15    1   NR             5.37734699e+00             6.49914598e+00
  104  Rf   15    2   NR            -1.23751247e+00             2.48456621e+00
  104  Rf   15    3   NR             3.68050957e+00             8.01116288e-01
  104  Rf   15    4   NR            -6.46927655e-01             3.34460467e-01
  104  Rf   15    5   NR             2.43502903e+00             1.05515175e-01
  104  Rf   15    6   NR            -5.67351007e+00             5.27956486e-02
  104  Rf   15    7   NR             6.92554331e+00             3.27580497e-02
  104  Rf   15    8   NR            -3.98799777e+00             1.95688661e-02
  104  Rf   15    9   NR             1.21795726e+00             1.08007360e-02
  104  Rf   15   10   NR            -2.73623347e-01             4.22690623e-03
  104  Rf   15   11   NR             1.15123406e-01             2.79642292e-03
  104  Rf   15   12   NR            -8.18195101e-03             1.42599305e-03
  104  Rf   15   13   NR             3.45692297e-06             4.72179272e-05
  104  Rf   15   14   NR             1.00249844e-08             2.92936465e-06
  104  Rf   15   15   DP             2.45736246e-05             1.29445805e-04
  105  Db   15    1   NR             5.53545475e+00             5.57669830e+00
  105  Db   15    2   NR            -9.70604718e-01             2.79803324e+00
  105  Db   15    3   NR             3.38508344e+00             6.74182415e-01
  105  Db   15    4   NR            -1.03112900e+00             3.05615693e-01
  105  Db   15    5   NR             2.12002826e+00             1.14605933e-01
  105  Db   15    6   NR            -5.91739798e+00             4.76015508e-02
  105  Db   15    7   NR             7.75777626e+00             3.19188386e-02
  105  Db   15    8   NR            -4.18705511e+00             1.90034024e-02
  105  Db   15    9   NR             1.28740716e+00             1.06817847e-02
  105  Db   15   10   NR            -2.40133956e-01             4.31228057e-03
  105  Db   15   11   NR             8.37214589e-02             2.50543095e-03
  105  Db   15   12   NR            -1.12642907e-02             1.47149188e-03
  105  Db   15   13   NR             3.05359481e-06             4.38175193e-05
  105  Db   15   14   NR             1.02166853e-08             2.82503856e-06
  105  Db   15   15   DP             2.22785602e-05             1.20383462e-04
  106  Sg   15    1   NR             2.70620131e+00             5.38355303e+00
  106  Sg   15    2   NR             2.81919670e+00             6.37070596e-01
  106  Sg   15    3   NR            -1.22409737e+00             2.08271757e-01
  106  Sg   15    4   NR             2.82265735e+00             1.14518866e-01
  106  Sg   15    5   NR            -4.52553844e+00             5.17118201e-02
  106  Sg   15    6   NR             5.82921600e+00             2.96085905e-02
  106  Sg   15    7   NR            -3.95615387e+00             1.78157464e-02
  106  Sg   15    8   NR             1.38811564e+00             1.01758391e-02
  106  Sg   15    9   NR            -2.57934839e-01             4.78611235e-03
  106  Sg   15   10   NR             6.03217855e-02             2.10884702e-03
  106  Sg   15   11   NR            -1.90574657e-02             1.51245866e-03
  106  Sg   15   12   NR             3.70627677e-05             1.64455763e-04
  106  Sg   15   13   NR             1.17674585e-06             3.24649191e-05
  106  Sg   15   14   NR             1.00027640e-08             2.69157817e-06
  106  Sg   15   15   DP             1.37244308e+00             3.83558416e+00
  107  Bh   15    1   NR             4.73486614e+00             4.49407911e+00
  107  Bh   15    2   NR             2.50209522e+00             5.86353600e-01
  107  Bh   15    3   NR            -1.55880499e+00             1.82336509e-01
  107  Bh   15    4   NR             3.12104201e+00             1.15691230e-01
  107  Bh   15    5   NR            -4.16533756e+00             5.04987501e-02
  107  Bh   15    6   NR             5.87376833e+00             2.75515690e-02
  107  Bh   15    7   NR            -4.78371382e+00             1.69909596e-02
  107  Bh   15    8   NR             1.81801653e+00             1.09161139e-02
  107  Bh   15    9   NR            -2.21922338e-01             4.16827854e-03
  107  Bh   15   10   NR             7.14315623e-02             2.39508948e-03
  107  Bh   15   11   NR            -8.06371681e-03             1.32285769e-03
  107  Bh   15   12   NR             3.76297721e-05             1.66625890e-04
  107  Bh   15   13   NR             1.39006920e-06             3.34002325e-05
  107  Bh   15   14   NR             1.00107540e-08             2.55972941e-06
  107  Bh   15   15   DP             1.07089616e-01             3.82824826e+00
  108  Hs   15    1   NR             4.68237209e+00             4.06089592e+00
  108  Hs   15    2   NR             4.28465694e-01             1.59749544e+00
  108  Hs   15    3   NR             2.35624909e+00             5.02723098e-01
  108  Hs   15    4   NR            -1.13371897e+00             2.29521662e-01
  108  Hs   15    5   NR             2.15278029e+00             1.09957583e-01
  108  Hs   15    6   NR             5.89158344e+00             3.03305387e-02
  108  Hs   15    7   NR            -3.96377826e+00             1.72407180e-02
  108  Hs   15    8   NR             1.32556939e+00             9.98722855e-03
  108  Hs   15    9   NR            -2.33126089e-01             4.08100849e-03
  108  Hs   15   10   NR             7.42634311e-02             2.41505424e-03
  108  Hs   15   11   NR            -6.53310865e-03             1.25367695e-03
  108  Hs   15   12   NR             3.59794176e-05             1.60913114e-04
  108  Hs   15   13   NR             1.35958567e-06             3.20668587e-05
  108  Hs   15   14   NR             1.00096873e-08             2.44746934e-06
  108  Hs   15   15   DP            -2.79204965e+00             3.66619527e-02
  109  Mt   15    1   NR             4.08623028e+00             3.78174734e+00
  109  Mt   15    2   NR             9.07774329e-01             2.24510622e+00
  109  Mt   15    3   NR             1.78892934e+00             5.80011547e-01
  109  Mt   15    4   NR             5.69694901e+00             6.56496808e-02
  109  Mt   15    5   NR            -1.05694666e+01             4.73708250e-02
  109  Mt   15    6   NR            -2.23638749e+00             2.33097132e-02
  109  Mt   15    7   NR             8.44217181e-01             7.29968119e-03
  109  Mt   15    8   NR            -1.67575940e-01             5.09342318e-03
  109  Mt   15    9   NR            -2.67076492e-01             4.44962922e-03
  109  Mt   15   10   NR             6.59410432e-02             2.43467675e-03
  109  Mt   15   11   NR            -4.31097718e-03             1.13316497e-03
  109  Mt   15   12   NR             3.65980923e-05             1.61920369e-04
  109  Mt   15   13   NR             1.48501613e-06             3.19826941e-05
  109  Mt   15   14   NR             1.00052002e-08             2.33019682e-06
  109  Mt   15   15   DP             4.73282957e+00             2.46672425e-02
  110  Ds   15    1   NR             4.06940889e+00             3.46059489e+00
  110  Ds   15    2   NR             1.18750036e+00             1.63582921e+00
  110  Ds   15    3   NR             1.60419869e+00             4.78926778e-01
  110  Ds   15    4   NR            -4.03592706e-01             2.26682246e-01
  110  Ds   15    5   NR             4.23928785e+00             7.66823962e-02
  110  Ds   15    6   NR            -5.75812960e+00             5.38035296e-02
  110  Ds   15    7   NR            -3.31504941e+00             1.52281355e-02
  110  Ds   15    8   NR             1.96543682e+00             1.05025098e-02
  110  Ds   15    9   NR            -2.08827600e-01             3.69788054e-03
  110  Ds   15   10   NR             7.99637139e-02             2.34798342e-03
  110  Ds   15   11   NR            -5.89227537e-03             1.18812791e-03
  110  Ds   15   12   NR             3.23145905e-05             1.49484607e-04
  110  Ds   15   13   NR             1.32349635e-06             2.97945935e-05
  110  Ds   15   14   NR             1.00940447e-08             2.23867892e-06
  110  Ds   15   15   DP             2.44048524e+00             2.09555160e-02
  111  Rg   15    1   NR             3.67761612e+00             3.25126815e+00
  111  Rg   15    2   NR             1.51589620e+00             1.68871737e+00
  111  Rg   15    3   NR             1.27356279e+00             5.41920066e-01
  111  Rg   15    4   NR             4.04924440e+00             7.06623867e-02
  111  Rg   15    5   NR            -6.90850830e+00             4.78254370e-02
  111  Rg   15    6   NR             6.05632782e+00             2.65477896e-02
  111  Rg   15    7   NR             5.04691787e-02             2.29678322e-02
  111  Rg   15    8   NR            -3.81759048e+00             1.57682877e-02
  111  Rg   15    9   NR             1.31883729e+00             8.93074181e-03
  111  Rg   15   10   NR            -2.49573216e-01             4.47930489e-03
  111  Rg   15   11   NR             4.06343769e-03             1.62311713e-03
  111  Rg   15   12   NR             2.76615956e-05             1.32993082e-04
  111  Rg   15   13   NR             1.00580769e-06             2.62138492e-05
  111  Rg   15   14   NR             1.00224007e-08             2.12995178e-06
  111  Rg   15   15   DP             1.62379313e-02             1.55184849e-03
  112  Cn   15    1   NR             3.44948840e+00             3.04471254e+00
  112  Cn   15    2   NR             1.78664923e+00             1.56867373e+00
  112  Cn   15    3   NR             1.07867694e+00             5.52924693e-01
  112  Cn   15    4   NR            -1.26506202e-02             2.92394459e-01
  112  Cn   15    5   NR             2.54038334e+00             7.80697688e-02
  112  Cn   15    6   NR            -5.70908976e+00             4.23510447e-02
  112  Cn   15    7   NR             7.34030581e+00             2.51507666e-02
  112  Cn   15    8   NR            -4.50889254e+00             1.64796133e-02
  112  Cn   15    9   NR             1.10800242e+00             8.54738895e-03
  112  Cn   15   10   NR            -3.43219191e-01             3.83691047e-03
  112  Cn   15   11   NR             1.34103209e-01             3.17913597e-03
  112  Cn   15   12   NR             2.86523791e-05             1.38213538e-04
  112  Cn   15   13   NR             1.28341651e-06             2.75970142e-05
  112  Cn   15   14   NR             1.00880593e-08             2.03328545e-06
  112  Cn   15   15   DP             1.13818115e-02             1.43359206e-03
  113  Nh   15    1   NR             4.91095924e+00             1.07599106e+01
  113  Nh   15    2   NR            -3.09471869e+00             9.37547302e+00
  113  Nh   15    3   NR             4.11899042e+00             2.17108035e+00
  113  Nh   15    4   NR             1.34593320e+00             6.71485007e-01
  113  Nh   15    5   NR             1.90229869e+00             8.48877206e-02
  113  Nh   15    6   NR            -4.97194147e+00             3.82473134e-02
  113  Nh   15    7   NR             7.98443699e+00             2.30492055e-02
  113  Nh   15    8   NR            -6.68299484e+00             1.49699664e-02
  113  Nh   15    9   NR             2.49484634e+00             1.04740970e-02
  113  Nh   15   10   NR            -1.79757103e-01             3.29656736e-03
  113  Nh   15   11   NR             7.80041367e-02             2.14927481e-03
  113  Nh   15   12   NR            -6.76598493e-03             1.16518058e-03
  113  Nh   15   13   NR             2.35023822e-06             3.19900137e-05
  113  Nh   15   14   NR             1.22407489e-08             2.09027894e-06
  113  Nh   15   15   DP             1.47754463e-05             8.99205406e-05
  114  Fl   15    1   NR             7.32421255e+00             8.58449936e+00
  114  Fl   15    2   NR            -4.37619209e+00             7.61166048e+00
  114  Fl   15    3   NR             3.54019213e+00             1.90182626e+00
  114  Fl   15    4   NR             1.31126416e+00             6.70066714e-01
  114  Fl   15    5   NR             2.10311508e+00             7.84618929e-02
  114  Fl   15    6   NR            -5.98392057e+00             3.70027013e-02
  114  Fl   15    7   NR             8.91117954e+00             2.35509947e-02
  114  Fl   15    8   NR            -5.43087769e+00             1.60601810e-02
  114  Fl   15    9   NR             1.15556061e+00             8.57489463e-03
  114  Fl   15   10   NR            -3.16672742e-01             3.47833592e-03
  114  Fl   15   11   NR             1.47495732e-01             2.95966025e-03
  114  Fl   15   12   NR             2.49018049e-05             1.25162202e-04
  114  Fl   15   13   NR             1.16959563e-06             2.50286193e-05
  114  Fl   15   14   NR             1.01227311e-08             1.84872533e-06
  114  Fl   15   15   DP             1.05647175e-02             1.37159647e-03
  115  Mc   15    1   NR             6.72734118e+00             7.17790508e+00
  115  Mc   15    2   NR            -3.01712322e+00             6.18655586e+00
  115  Mc   15    3   NR             2.94165587e+00             1.70209014e+00
  115  Mc   15    4   NR             1.36408460e+00             6.72275960e-01
  115  Mc   15    5   NR             3.14165425e+00             6.70989081e-02
  115  Mc   15    6   NR            -7.75820780e+00             3.85694206e-02
  115  Mc   15    7   NR             8.06771946e+00             2.55196467e-02
  115  Mc   15    8   NR            -3.50195241e+00             1.55618079e-02
  115  Mc   15    9   NR             9.48571444e-01             6.88955933e-03
  115  Mc   15   10   NR            -4.28886354e-01             4.10195114e-03
  115  Mc   15   11   NR             9.17834342e-02             3.09356349e-03
  115  Mc   15   12   NR             2.34969848e-05             1.17114527e-04
  115  Mc   15   13   NR             9.93527692e-07             2.28648769e-05
  115  Mc   15   14   NR             1.01695230e-08             1.76855110e-06
  115  Mc   15   15   DP             9.07801744e-03             1.29996531e-03
  116  Lv   15    1   NR             9.31717300e+00             5.76712418e+00
  116  Lv   15    2   NR            -5.16186953e+00             5.21829700e+00
  116  Lv   15    3   NR             2.09341574e+00             1.78174365e+00
  116  Lv   15    4   NR             1.81062722e+00             7.20246911e-01
  116  Lv   15    5   NR             6.39723206e+00             5.69747239e-02
  116  Lv   15    6   NR            -9.69266510e+00             4.28141803e-02
  116  Lv   15    7   NR             8.09039021e+00             2.30078008e-02
  116  Lv   15    8   NR            -4.82681608e+00             1.62474532e-02
  116  Lv   15    9   NR             8.66447330e-01             6.79284707e-03
  116  Lv   15   10   NR            -3.25711906e-01             4.09962423e-03
  116  Lv   15   11   NR             2.68462747e-02             2.47773458e-03
  116  Lv   15   12   NR             2.16354183e-05             1.12287053e-04
  116  Lv   15   13   NR             1.02377612e-06             2.23413226e-05
  116  Lv   15   14   NR             1.00990780e-08             1.68216900e-06
  116  Lv   15   15   DP             9.27570928e-03             1.29574793e-03
  117  Ts   15    1   NR             4.89525604e+00             5.38130379e+00
  117  Ts   15    2   NR             2.12440968e+00             1.34466565e+00
  117  Ts   15    3   NR             3.94227052e+00             4.12355274e-01
  117  Ts   15    4   NR            -2.89128995e+00             3.58449578e-01
  117  Ts   15    5   NR             7.01001644e+00             5.61211109e-02
  117  Ts   15    6   NR            -1.01349783e+01             4.30235267e-02
  117  Ts   15    7   NR             5.83981800e+00             2.41986103e-02
  117  Ts   15    8   NR            -2.88914180e+00             1.35775208e-02
  117  Ts   15    9   NR             1.09573758e+00             6.91036647e-03
  117  Ts   15   10   NR            -3.64324600e-01             4.21887264e-03
  117  Ts   15   11   NR             2.63449140e-02             2.56530824e-03
  117  Ts   15   12   NR             2.09650952e-05             1.07475207e-04
  117  Ts   15   13   NR             9.31227078e-07             2.08368201e-05
  117  Ts   15   14   NR             1.00549320e-08             1.60439083e-06
  117  Ts   15   15   DP             8.12472031e-03             1.22868863e-03
  118  Og   15    1   NR             6.33081341e+00             4.65430164e+00
  118  Og   15    2   NR            -7.23931932e+00             2.91160583e+00
  118  Og   15    3   NR             7.18604517e+00             2.57842541e+00
  118  Og   15    4   NR             1.95266747e+00             6.54891968e-01
  118  Og   15    5   NR             7.91304874e+00             4.87054214e-02
  118  Og   15    6   NR            -1.66051464e+01             3.60948183e-02
  118  Og   15    7   NR             1.16111841e+01             2.59719733e-02
  118  Og   15    8   NR             2.69223779e-01             4.93386853e-03
  118  Og   15    9   NR            -2.89009243e-01             3.33633367e-03
  118  Og   15   10   NR             7.55759999e-02             2.13822653e-03
  118  Og   15   11   NR            -2.20454857e-03             8.63606518e-04
  118  Og   15   12   NR             2.02546635e-05             1.05045256e-04
  118  Og   15   13   NR             9.79877655e-07             2.07629273e-05
  118  Og   15   14   NR             1.08300702e-08             1.57399279e-06
  118  Og   15   15   DP            -1.65590680e+00             1.15139158e-02
